run_id,exp_name,dataset,seed,stage,checkpoint_epoch,path_family,clock_family,clock_param_name,clock_param_value,solver,nfe,step_count,real_samples,synthetic_samples,metric,value,status,artifact_group
linear_uniform_euler:ep499:nfe4:fid,linear_uniform_euler,cifar10,0,eval,499,linear,uniform,none,,euler,4,4,12500,12500,fid,58.28889083862305,completed,ft_clock_solver_sensitivity
linear_uniform_euler:ep499:nfe4:is_mean,linear_uniform_euler,cifar10,0,eval,499,linear,uniform,none,,euler,4,4,12500,12500,is_mean,5.86074161529541,completed,ft_clock_solver_sensitivity
linear_uniform_euler:ep499:nfe4:is_std,linear_uniform_euler,cifar10,0,eval,499,linear,uniform,none,,euler,4,4,12500,12500,is_std,0.07034387439489365,completed,ft_clock_solver_sensitivity
linear_uniform_euler:ep499:nfe10:fid,linear_uniform_euler,cifar10,0,eval,499,linear,uniform,none,,euler,10,10,12500,12500,fid,17.719255447387695,completed,ft_clock_solver_sensitivity
linear_uniform_euler:ep499:nfe10:is_mean,linear_uniform_euler,cifar10,0,eval,499,linear,uniform,none,,euler,10,10,12500,12500,is_mean,7.858165264129639,completed,ft_clock_solver_sensitivity
linear_uniform_euler:ep499:nfe10:is_std,linear_uniform_euler,cifar10,0,eval,499,linear,uniform,none,,euler,10,10,12500,12500,is_std,0.1294175684452057,completed,ft_clock_solver_sensitivity
linear_uniform_euler:ep499:nfe20:fid,linear_uniform_euler,cifar10,0,eval,499,linear,uniform,none,,euler,20,20,12500,12500,fid,11.20606517791748,completed,ft_clock_solver_sensitivity
linear_uniform_euler:ep499:nfe20:is_mean,linear_uniform_euler,cifar10,0,eval,499,linear,uniform,none,,euler,20,20,12500,12500,is_mean,8.238443374633789,completed,ft_clock_solver_sensitivity
linear_uniform_euler:ep499:nfe20:is_std,linear_uniform_euler,cifar10,0,eval,499,linear,uniform,none,,euler,20,20,12500,12500,is_std,0.14065158367156982,completed,ft_clock_solver_sensitivity
linear_uniform_euler:ep499:nfe50:fid,linear_uniform_euler,cifar10,0,eval,499,linear,uniform,none,,euler,50,50,12500,12500,fid,8.045539855957031,completed,ft_clock_solver_sensitivity
linear_uniform_euler:ep499:nfe50:is_mean,linear_uniform_euler,cifar10,0,eval,499,linear,uniform,none,,euler,50,50,12500,12500,is_mean,8.465468406677246,completed,ft_clock_solver_sensitivity
linear_uniform_euler:ep499:nfe50:is_std,linear_uniform_euler,cifar10,0,eval,499,linear,uniform,none,,euler,50,50,12500,12500,is_std,0.14310532808303833,completed,ft_clock_solver_sensitivity
linear_uniform_heun2:ep499:nfe4:fid,linear_uniform_heun2,cifar10,0,eval,499,linear,uniform,none,,heun2,4,2,12500,12500,fid,289.4203796386719,completed,ft_clock_solver_sensitivity
linear_uniform_heun2:ep499:nfe4:is_mean,linear_uniform_heun2,cifar10,0,eval,499,linear,uniform,none,,heun2,4,2,12500,12500,is_mean,1.8915481567382812,completed,ft_clock_solver_sensitivity
linear_uniform_heun2:ep499:nfe4:is_std,linear_uniform_heun2,cifar10,0,eval,499,linear,uniform,none,,heun2,4,2,12500,12500,is_std,0.01122785359621048,completed,ft_clock_solver_sensitivity
linear_uniform_heun2:ep499:nfe10:fid,linear_uniform_heun2,cifar10,0,eval,499,linear,uniform,none,,heun2,10,5,12500,12500,fid,87.04412841796875,completed,ft_clock_solver_sensitivity
linear_uniform_heun2:ep499:nfe10:is_mean,linear_uniform_heun2,cifar10,0,eval,499,linear,uniform,none,,heun2,10,5,12500,12500,is_mean,6.336610317230225,completed,ft_clock_solver_sensitivity
linear_uniform_heun2:ep499:nfe10:is_std,linear_uniform_heun2,cifar10,0,eval,499,linear,uniform,none,,heun2,10,5,12500,12500,is_std,0.06149808317422867,completed,ft_clock_solver_sensitivity
linear_uniform_heun2:ep499:nfe20:fid,linear_uniform_heun2,cifar10,0,eval,499,linear,uniform,none,,heun2,20,10,12500,12500,fid,37.82488250732422,completed,ft_clock_solver_sensitivity
linear_uniform_heun2:ep499:nfe20:is_mean,linear_uniform_heun2,cifar10,0,eval,499,linear,uniform,none,,heun2,20,10,12500,12500,is_mean,8.88774585723877,completed,ft_clock_solver_sensitivity
linear_uniform_heun2:ep499:nfe20:is_std,linear_uniform_heun2,cifar10,0,eval,499,linear,uniform,none,,heun2,20,10,12500,12500,is_std,0.11914914846420288,completed,ft_clock_solver_sensitivity
linear_uniform_heun2:ep499:nfe50:fid,linear_uniform_heun2,cifar10,0,eval,499,linear,uniform,none,,heun2,50,25,12500,12500,fid,11.591896057128906,completed,ft_clock_solver_sensitivity
linear_uniform_heun2:ep499:nfe50:is_mean,linear_uniform_heun2,cifar10,0,eval,499,linear,uniform,none,,heun2,50,25,12500,12500,is_mean,9.253605842590332,completed,ft_clock_solver_sensitivity
linear_uniform_heun2:ep499:nfe50:is_std,linear_uniform_heun2,cifar10,0,eval,499,linear,uniform,none,,heun2,50,25,12500,12500,is_std,0.11512009054422379,completed,ft_clock_solver_sensitivity
linear_ft_beta_0_3_euler:ep499:nfe4:fid,linear_ft_beta_0_3_euler,cifar10,0,eval,499,linear,ft_linear_beta,beta,0.3,euler,4,4,12500,12500,fid,207.2067413330078,completed,ft_clock_solver_sensitivity
linear_ft_beta_0_3_euler:ep499:nfe4:is_mean,linear_ft_beta_0_3_euler,cifar10,0,eval,499,linear,ft_linear_beta,beta,0.3,euler,4,4,12500,12500,is_mean,2.4214062690734863,completed,ft_clock_solver_sensitivity
linear_ft_beta_0_3_euler:ep499:nfe4:is_std,linear_ft_beta_0_3_euler,cifar10,0,eval,499,linear,ft_linear_beta,beta,0.3,euler,4,4,12500,12500,is_std,0.017291447147727013,completed,ft_clock_solver_sensitivity
linear_ft_beta_0_3_euler:ep499:nfe10:fid,linear_ft_beta_0_3_euler,cifar10,0,eval,499,linear,ft_linear_beta,beta,0.3,euler,10,10,12500,12500,fid,99.35520935058594,completed,ft_clock_solver_sensitivity
linear_ft_beta_0_3_euler:ep499:nfe10:is_mean,linear_ft_beta_0_3_euler,cifar10,0,eval,499,linear,ft_linear_beta,beta,0.3,euler,10,10,12500,12500,is_mean,5.992181777954102,completed,ft_clock_solver_sensitivity
linear_ft_beta_0_3_euler:ep499:nfe10:is_std,linear_ft_beta_0_3_euler,cifar10,0,eval,499,linear,ft_linear_beta,beta,0.3,euler,10,10,12500,12500,is_std,0.08375517278909683,completed,ft_clock_solver_sensitivity
linear_ft_beta_0_3_euler:ep499:nfe20:fid,linear_ft_beta_0_3_euler,cifar10,0,eval,499,linear,ft_linear_beta,beta,0.3,euler,20,20,12500,12500,fid,57.34494400024414,completed,ft_clock_solver_sensitivity
linear_ft_beta_0_3_euler:ep499:nfe20:is_mean,linear_ft_beta_0_3_euler,cifar10,0,eval,499,linear,ft_linear_beta,beta,0.3,euler,20,20,12500,12500,is_mean,8.226897239685059,completed,ft_clock_solver_sensitivity
linear_ft_beta_0_3_euler:ep499:nfe20:is_std,linear_ft_beta_0_3_euler,cifar10,0,eval,499,linear,ft_linear_beta,beta,0.3,euler,20,20,12500,12500,is_std,0.10092440247535706,completed,ft_clock_solver_sensitivity
linear_ft_beta_0_3_euler:ep499:nfe50:fid,linear_ft_beta_0_3_euler,cifar10,0,eval,499,linear,ft_linear_beta,beta,0.3,euler,50,50,12500,12500,fid,24.374282836914062,completed,ft_clock_solver_sensitivity
linear_ft_beta_0_3_euler:ep499:nfe50:is_mean,linear_ft_beta_0_3_euler,cifar10,0,eval,499,linear,ft_linear_beta,beta,0.3,euler,50,50,12500,12500,is_mean,9.228692054748535,completed,ft_clock_solver_sensitivity
linear_ft_beta_0_3_euler:ep499:nfe50:is_std,linear_ft_beta_0_3_euler,cifar10,0,eval,499,linear,ft_linear_beta,beta,0.3,euler,50,50,12500,12500,is_std,0.11092263460159302,completed,ft_clock_solver_sensitivity
linear_ft_beta_0_3_heun2:ep499:nfe4:fid,linear_ft_beta_0_3_heun2,cifar10,0,eval,499,linear,ft_linear_beta,beta,0.3,heun2,4,2,12500,12500,fid,163.33181762695312,completed,ft_clock_solver_sensitivity
linear_ft_beta_0_3_heun2:ep499:nfe4:is_mean,linear_ft_beta_0_3_heun2,cifar10,0,eval,499,linear,ft_linear_beta,beta,0.3,heun2,4,2,12500,12500,is_mean,3.1505658626556396,completed,ft_clock_solver_sensitivity
linear_ft_beta_0_3_heun2:ep499:nfe4:is_std,linear_ft_beta_0_3_heun2,cifar10,0,eval,499,linear,ft_linear_beta,beta,0.3,heun2,4,2,12500,12500,is_std,0.047413554042577744,completed,ft_clock_solver_sensitivity
linear_ft_beta_0_3_heun2:ep499:nfe10:fid,linear_ft_beta_0_3_heun2,cifar10,0,eval,499,linear,ft_linear_beta,beta,0.3,heun2,10,5,12500,12500,fid,10.670350074768066,completed,ft_clock_solver_sensitivity
linear_ft_beta_0_3_heun2:ep499:nfe10:is_mean,linear_ft_beta_0_3_heun2,cifar10,0,eval,499,linear,ft_linear_beta,beta,0.3,heun2,10,5,12500,12500,is_mean,8.677023887634277,completed,ft_clock_solver_sensitivity
linear_ft_beta_0_3_heun2:ep499:nfe10:is_std,linear_ft_beta_0_3_heun2,cifar10,0,eval,499,linear,ft_linear_beta,beta,0.3,heun2,10,5,12500,12500,is_std,0.15523910522460938,completed,ft_clock_solver_sensitivity
linear_ft_beta_0_3_heun2:ep499:nfe20:fid,linear_ft_beta_0_3_heun2,cifar10,0,eval,499,linear,ft_linear_beta,beta,0.3,heun2,20,10,12500,12500,fid,7.629848957061768,completed,ft_clock_solver_sensitivity
linear_ft_beta_0_3_heun2:ep499:nfe20:is_mean,linear_ft_beta_0_3_heun2,cifar10,0,eval,499,linear,ft_linear_beta,beta,0.3,heun2,20,10,12500,12500,is_mean,8.651103019714355,completed,ft_clock_solver_sensitivity
linear_ft_beta_0_3_heun2:ep499:nfe20:is_std,linear_ft_beta_0_3_heun2,cifar10,0,eval,499,linear,ft_linear_beta,beta,0.3,heun2,20,10,12500,12500,is_std,0.07953760027885437,completed,ft_clock_solver_sensitivity
linear_ft_beta_0_3_heun2:ep499:nfe50:fid,linear_ft_beta_0_3_heun2,cifar10,0,eval,499,linear,ft_linear_beta,beta,0.3,heun2,50,25,12500,12500,fid,6.779453277587891,completed,ft_clock_solver_sensitivity
linear_ft_beta_0_3_heun2:ep499:nfe50:is_mean,linear_ft_beta_0_3_heun2,cifar10,0,eval,499,linear,ft_linear_beta,beta,0.3,heun2,50,25,12500,12500,is_mean,8.900031089782715,completed,ft_clock_solver_sensitivity
linear_ft_beta_0_3_heun2:ep499:nfe50:is_std,linear_ft_beta_0_3_heun2,cifar10,0,eval,499,linear,ft_linear_beta,beta,0.3,heun2,50,25,12500,12500,is_std,0.0833463966846466,completed,ft_clock_solver_sensitivity
linear_ft_beta_0_5_euler:ep499:nfe4:fid,linear_ft_beta_0_5_euler,cifar10,0,eval,499,linear,ft_linear_beta,beta,0.5,euler,4,4,12500,12500,fid,58.444419860839844,completed,ft_clock_solver_sensitivity
linear_ft_beta_0_5_euler:ep499:nfe4:is_mean,linear_ft_beta_0_5_euler,cifar10,0,eval,499,linear,ft_linear_beta,beta,0.5,euler,4,4,12500,12500,is_mean,5.955794811248779,completed,ft_clock_solver_sensitivity
linear_ft_beta_0_5_euler:ep499:nfe4:is_std,linear_ft_beta_0_5_euler,cifar10,0,eval,499,linear,ft_linear_beta,beta,0.5,euler,4,4,12500,12500,is_std,0.05662720277905464,completed,ft_clock_solver_sensitivity
linear_ft_beta_0_5_euler:ep499:nfe10:fid,linear_ft_beta_0_5_euler,cifar10,0,eval,499,linear,ft_linear_beta,beta,0.5,euler,10,10,12500,12500,fid,18.898204803466797,completed,ft_clock_solver_sensitivity
linear_ft_beta_0_5_euler:ep499:nfe10:is_mean,linear_ft_beta_0_5_euler,cifar10,0,eval,499,linear,ft_linear_beta,beta,0.5,euler,10,10,12500,12500,is_mean,7.96603536605835,completed,ft_clock_solver_sensitivity
linear_ft_beta_0_5_euler:ep499:nfe10:is_std,linear_ft_beta_0_5_euler,cifar10,0,eval,499,linear,ft_linear_beta,beta,0.5,euler,10,10,12500,12500,is_std,0.15278437733650208,completed,ft_clock_solver_sensitivity
linear_ft_beta_0_5_euler:ep499:nfe20:fid,linear_ft_beta_0_5_euler,cifar10,0,eval,499,linear,ft_linear_beta,beta,0.5,euler,20,20,12500,12500,fid,12.188729286193848,completed,ft_clock_solver_sensitivity
linear_ft_beta_0_5_euler:ep499:nfe20:is_mean,linear_ft_beta_0_5_euler,cifar10,0,eval,499,linear,ft_linear_beta,beta,0.5,euler,20,20,12500,12500,is_mean,8.354146957397461,completed,ft_clock_solver_sensitivity
linear_ft_beta_0_5_euler:ep499:nfe20:is_std,linear_ft_beta_0_5_euler,cifar10,0,eval,499,linear,ft_linear_beta,beta,0.5,euler,20,20,12500,12500,is_std,0.1621754914522171,completed,ft_clock_solver_sensitivity
linear_ft_beta_0_5_euler:ep499:nfe50:fid,linear_ft_beta_0_5_euler,cifar10,0,eval,499,linear,ft_linear_beta,beta,0.5,euler,50,50,12500,12500,fid,8.736958503723145,completed,ft_clock_solver_sensitivity
linear_ft_beta_0_5_euler:ep499:nfe50:is_mean,linear_ft_beta_0_5_euler,cifar10,0,eval,499,linear,ft_linear_beta,beta,0.5,euler,50,50,12500,12500,is_mean,8.578208923339844,completed,ft_clock_solver_sensitivity
linear_ft_beta_0_5_euler:ep499:nfe50:is_std,linear_ft_beta_0_5_euler,cifar10,0,eval,499,linear,ft_linear_beta,beta,0.5,euler,50,50,12500,12500,is_std,0.13111455738544464,completed,ft_clock_solver_sensitivity
linear_ft_beta_0_5_heun2:ep499:nfe4:fid,linear_ft_beta_0_5_heun2,cifar10,0,eval,499,linear,ft_linear_beta,beta,0.5,heun2,4,2,12500,12500,fid,286.3195495605469,completed,ft_clock_solver_sensitivity
linear_ft_beta_0_5_heun2:ep499:nfe4:is_mean,linear_ft_beta_0_5_heun2,cifar10,0,eval,499,linear,ft_linear_beta,beta,0.5,heun2,4,2,12500,12500,is_mean,1.8567441701889038,completed,ft_clock_solver_sensitivity
linear_ft_beta_0_5_heun2:ep499:nfe4:is_std,linear_ft_beta_0_5_heun2,cifar10,0,eval,499,linear,ft_linear_beta,beta,0.5,heun2,4,2,12500,12500,is_std,0.011712860316038132,completed,ft_clock_solver_sensitivity
linear_ft_beta_0_5_heun2:ep499:nfe10:fid,linear_ft_beta_0_5_heun2,cifar10,0,eval,499,linear,ft_linear_beta,beta,0.5,heun2,10,5,12500,12500,fid,87.11152648925781,completed,ft_clock_solver_sensitivity
linear_ft_beta_0_5_heun2:ep499:nfe10:is_mean,linear_ft_beta_0_5_heun2,cifar10,0,eval,499,linear,ft_linear_beta,beta,0.5,heun2,10,5,12500,12500,is_mean,6.36877965927124,completed,ft_clock_solver_sensitivity
linear_ft_beta_0_5_heun2:ep499:nfe10:is_std,linear_ft_beta_0_5_heun2,cifar10,0,eval,499,linear,ft_linear_beta,beta,0.5,heun2,10,5,12500,12500,is_std,0.06096886843442917,completed,ft_clock_solver_sensitivity
linear_ft_beta_0_5_heun2:ep499:nfe20:fid,linear_ft_beta_0_5_heun2,cifar10,0,eval,499,linear,ft_linear_beta,beta,0.5,heun2,20,10,12500,12500,fid,38.81084060668945,completed,ft_clock_solver_sensitivity
linear_ft_beta_0_5_heun2:ep499:nfe20:is_mean,linear_ft_beta_0_5_heun2,cifar10,0,eval,499,linear,ft_linear_beta,beta,0.5,heun2,20,10,12500,12500,is_mean,8.8731050491333,completed,ft_clock_solver_sensitivity
linear_ft_beta_0_5_heun2:ep499:nfe20:is_std,linear_ft_beta_0_5_heun2,cifar10,0,eval,499,linear,ft_linear_beta,beta,0.5,heun2,20,10,12500,12500,is_std,0.13778384029865265,completed,ft_clock_solver_sensitivity
linear_ft_beta_0_5_heun2:ep499:nfe50:fid,linear_ft_beta_0_5_heun2,cifar10,0,eval,499,linear,ft_linear_beta,beta,0.5,heun2,50,25,12500,12500,fid,11.945921897888184,completed,ft_clock_solver_sensitivity
linear_ft_beta_0_5_heun2:ep499:nfe50:is_mean,linear_ft_beta_0_5_heun2,cifar10,0,eval,499,linear,ft_linear_beta,beta,0.5,heun2,50,25,12500,12500,is_mean,9.29766845703125,completed,ft_clock_solver_sensitivity
linear_ft_beta_0_5_heun2:ep499:nfe50:is_std,linear_ft_beta_0_5_heun2,cifar10,0,eval,499,linear,ft_linear_beta,beta,0.5,heun2,50,25,12500,12500,is_std,0.09993531554937363,completed,ft_clock_solver_sensitivity
linear_ft_beta_0_7_euler:ep499:nfe4:fid,linear_ft_beta_0_7_euler,cifar10,0,eval,499,linear,ft_linear_beta,beta,0.7,euler,4,4,12500,12500,fid,252.2576446533203,completed,ft_clock_solver_sensitivity
linear_ft_beta_0_7_euler:ep499:nfe4:is_mean,linear_ft_beta_0_7_euler,cifar10,0,eval,499,linear,ft_linear_beta,beta,0.7,euler,4,4,12500,12500,is_mean,2.5001275539398193,completed,ft_clock_solver_sensitivity
linear_ft_beta_0_7_euler:ep499:nfe4:is_std,linear_ft_beta_0_7_euler,cifar10,0,eval,499,linear,ft_linear_beta,beta,0.7,euler,4,4,12500,12500,is_std,0.02493705041706562,completed,ft_clock_solver_sensitivity
linear_ft_beta_0_7_euler:ep499:nfe10:fid,linear_ft_beta_0_7_euler,cifar10,0,eval,499,linear,ft_linear_beta,beta,0.7,euler,10,10,12500,12500,fid,37.84342575073242,completed,ft_clock_solver_sensitivity
linear_ft_beta_0_7_euler:ep499:nfe10:is_mean,linear_ft_beta_0_7_euler,cifar10,0,eval,499,linear,ft_linear_beta,beta,0.7,euler,10,10,12500,12500,is_mean,7.130534648895264,completed,ft_clock_solver_sensitivity
linear_ft_beta_0_7_euler:ep499:nfe10:is_std,linear_ft_beta_0_7_euler,cifar10,0,eval,499,linear,ft_linear_beta,beta,0.7,euler,10,10,12500,12500,is_std,0.06637986749410629,completed,ft_clock_solver_sensitivity
linear_ft_beta_0_7_euler:ep499:nfe20:fid,linear_ft_beta_0_7_euler,cifar10,0,eval,499,linear,ft_linear_beta,beta,0.7,euler,20,20,12500,12500,fid,16.162220001220703,completed,ft_clock_solver_sensitivity
linear_ft_beta_0_7_euler:ep499:nfe20:is_mean,linear_ft_beta_0_7_euler,cifar10,0,eval,499,linear,ft_linear_beta,beta,0.7,euler,20,20,12500,12500,is_mean,8.058984756469727,completed,ft_clock_solver_sensitivity
linear_ft_beta_0_7_euler:ep499:nfe20:is_std,linear_ft_beta_0_7_euler,cifar10,0,eval,499,linear,ft_linear_beta,beta,0.7,euler,20,20,12500,12500,is_std,0.12604372203350067,completed,ft_clock_solver_sensitivity
linear_ft_beta_0_7_euler:ep499:nfe50:fid,linear_ft_beta_0_7_euler,cifar10,0,eval,499,linear,ft_linear_beta,beta,0.7,euler,50,50,12500,12500,fid,8.9649019241333,completed,ft_clock_solver_sensitivity
linear_ft_beta_0_7_euler:ep499:nfe50:is_mean,linear_ft_beta_0_7_euler,cifar10,0,eval,499,linear,ft_linear_beta,beta,0.7,euler,50,50,12500,12500,is_mean,8.402339935302734,completed,ft_clock_solver_sensitivity
linear_ft_beta_0_7_euler:ep499:nfe50:is_std,linear_ft_beta_0_7_euler,cifar10,0,eval,499,linear,ft_linear_beta,beta,0.7,euler,50,50,12500,12500,is_std,0.14642736315727234,completed,ft_clock_solver_sensitivity
linear_ft_beta_0_7_heun2:ep499:nfe4:fid,linear_ft_beta_0_7_heun2,cifar10,0,eval,499,linear,ft_linear_beta,beta,0.7,heun2,4,2,12500,12500,fid,303.1441955566406,completed,ft_clock_solver_sensitivity
linear_ft_beta_0_7_heun2:ep499:nfe4:is_mean,linear_ft_beta_0_7_heun2,cifar10,0,eval,499,linear,ft_linear_beta,beta,0.7,heun2,4,2,12500,12500,is_mean,1.442513108253479,completed,ft_clock_solver_sensitivity
linear_ft_beta_0_7_heun2:ep499:nfe4:is_std,linear_ft_beta_0_7_heun2,cifar10,0,eval,499,linear,ft_linear_beta,beta,0.7,heun2,4,2,12500,12500,is_std,0.0050889840349555016,completed,ft_clock_solver_sensitivity
linear_ft_beta_0_7_heun2:ep499:nfe10:fid,linear_ft_beta_0_7_heun2,cifar10,0,eval,499,linear,ft_linear_beta,beta,0.7,heun2,10,5,12500,12500,fid,56.96077346801758,completed,ft_clock_solver_sensitivity
linear_ft_beta_0_7_heun2:ep499:nfe10:is_mean,linear_ft_beta_0_7_heun2,cifar10,0,eval,499,linear,ft_linear_beta,beta,0.7,heun2,10,5,12500,12500,is_mean,7.032554626464844,completed,ft_clock_solver_sensitivity
linear_ft_beta_0_7_heun2:ep499:nfe10:is_std,linear_ft_beta_0_7_heun2,cifar10,0,eval,499,linear,ft_linear_beta,beta,0.7,heun2,10,5,12500,12500,is_std,0.0639171451330185,completed,ft_clock_solver_sensitivity
linear_ft_beta_0_7_heun2:ep499:nfe20:fid,linear_ft_beta_0_7_heun2,cifar10,0,eval,499,linear,ft_linear_beta,beta,0.7,heun2,20,10,12500,12500,fid,13.25416374206543,completed,ft_clock_solver_sensitivity
linear_ft_beta_0_7_heun2:ep499:nfe20:is_mean,linear_ft_beta_0_7_heun2,cifar10,0,eval,499,linear,ft_linear_beta,beta,0.7,heun2,20,10,12500,12500,is_mean,8.521677017211914,completed,ft_clock_solver_sensitivity
linear_ft_beta_0_7_heun2:ep499:nfe20:is_std,linear_ft_beta_0_7_heun2,cifar10,0,eval,499,linear,ft_linear_beta,beta,0.7,heun2,20,10,12500,12500,is_std,0.10136184096336365,completed,ft_clock_solver_sensitivity
linear_ft_beta_0_7_heun2:ep499:nfe50:fid,linear_ft_beta_0_7_heun2,cifar10,0,eval,499,linear,ft_linear_beta,beta,0.7,heun2,50,25,12500,12500,fid,8.36465835571289,completed,ft_clock_solver_sensitivity
linear_ft_beta_0_7_heun2:ep499:nfe50:is_mean,linear_ft_beta_0_7_heun2,cifar10,0,eval,499,linear,ft_linear_beta,beta,0.7,heun2,50,25,12500,12500,is_mean,8.56623363494873,completed,ft_clock_solver_sensitivity
linear_ft_beta_0_7_heun2:ep499:nfe50:is_std,linear_ft_beta_0_7_heun2,cifar10,0,eval,499,linear,ft_linear_beta,beta,0.7,heun2,50,25,12500,12500,is_std,0.11101637035608292,completed,ft_clock_solver_sensitivity
trig_vp_uniform_euler:ep499:nfe4:fid,trig_vp_uniform_euler,cifar10,0,eval,499,trig_vp,uniform,none,,euler,4,4,12500,12500,fid,168.68560791015625,completed,ft_clock_solver_sensitivity
trig_vp_uniform_euler:ep499:nfe4:is_mean,trig_vp_uniform_euler,cifar10,0,eval,499,trig_vp,uniform,none,,euler,4,4,12500,12500,is_mean,3.1598048210144043,completed,ft_clock_solver_sensitivity
trig_vp_uniform_euler:ep499:nfe4:is_std,trig_vp_uniform_euler,cifar10,0,eval,499,trig_vp,uniform,none,,euler,4,4,12500,12500,is_std,0.028835611417889595,completed,ft_clock_solver_sensitivity
trig_vp_uniform_euler:ep499:nfe10:fid,trig_vp_uniform_euler,cifar10,0,eval,499,trig_vp,uniform,none,,euler,10,10,12500,12500,fid,43.3847541809082,completed,ft_clock_solver_sensitivity
trig_vp_uniform_euler:ep499:nfe10:is_mean,trig_vp_uniform_euler,cifar10,0,eval,499,trig_vp,uniform,none,,euler,10,10,12500,12500,is_mean,8.625133514404297,completed,ft_clock_solver_sensitivity
trig_vp_uniform_euler:ep499:nfe10:is_std,trig_vp_uniform_euler,cifar10,0,eval,499,trig_vp,uniform,none,,euler,10,10,12500,12500,is_std,0.057416800409555435,completed,ft_clock_solver_sensitivity
trig_vp_uniform_euler:ep499:nfe20:fid,trig_vp_uniform_euler,cifar10,0,eval,499,trig_vp,uniform,none,,euler,20,20,12500,12500,fid,14.100332260131836,completed,ft_clock_solver_sensitivity
trig_vp_uniform_euler:ep499:nfe20:is_mean,trig_vp_uniform_euler,cifar10,0,eval,499,trig_vp,uniform,none,,euler,20,20,12500,12500,is_mean,9.545722961425781,completed,ft_clock_solver_sensitivity
trig_vp_uniform_euler:ep499:nfe20:is_std,trig_vp_uniform_euler,cifar10,0,eval,499,trig_vp,uniform,none,,euler,20,20,12500,12500,is_std,0.12012431025505066,completed,ft_clock_solver_sensitivity
trig_vp_uniform_euler:ep499:nfe50:fid,trig_vp_uniform_euler,cifar10,0,eval,499,trig_vp,uniform,none,,euler,50,50,12500,12500,fid,6.252208709716797,completed,ft_clock_solver_sensitivity
trig_vp_uniform_euler:ep499:nfe50:is_mean,trig_vp_uniform_euler,cifar10,0,eval,499,trig_vp,uniform,none,,euler,50,50,12500,12500,is_mean,9.11264705657959,completed,ft_clock_solver_sensitivity
trig_vp_uniform_euler:ep499:nfe50:is_std,trig_vp_uniform_euler,cifar10,0,eval,499,trig_vp,uniform,none,,euler,50,50,12500,12500,is_std,0.13155315816402435,completed,ft_clock_solver_sensitivity
trig_vp_uniform_heun2:ep499:nfe4:fid,trig_vp_uniform_heun2,cifar10,0,eval,499,trig_vp,uniform,none,,heun2,4,2,12500,12500,fid,138.99465942382812,completed,ft_clock_solver_sensitivity
trig_vp_uniform_heun2:ep499:nfe4:is_mean,trig_vp_uniform_heun2,cifar10,0,eval,499,trig_vp,uniform,none,,heun2,4,2,12500,12500,is_mean,4.117438316345215,completed,ft_clock_solver_sensitivity
trig_vp_uniform_heun2:ep499:nfe4:is_std,trig_vp_uniform_heun2,cifar10,0,eval,499,trig_vp,uniform,none,,heun2,4,2,12500,12500,is_std,0.05096246674656868,completed,ft_clock_solver_sensitivity
trig_vp_uniform_heun2:ep499:nfe10:fid,trig_vp_uniform_heun2,cifar10,0,eval,499,trig_vp,uniform,none,,heun2,10,5,12500,12500,fid,73.78760528564453,completed,ft_clock_solver_sensitivity
trig_vp_uniform_heun2:ep499:nfe10:is_mean,trig_vp_uniform_heun2,cifar10,0,eval,499,trig_vp,uniform,none,,heun2,10,5,12500,12500,is_mean,6.60546875,completed,ft_clock_solver_sensitivity
trig_vp_uniform_heun2:ep499:nfe10:is_std,trig_vp_uniform_heun2,cifar10,0,eval,499,trig_vp,uniform,none,,heun2,10,5,12500,12500,is_std,0.09555540233850479,completed,ft_clock_solver_sensitivity
trig_vp_uniform_heun2:ep499:nfe20:fid,trig_vp_uniform_heun2,cifar10,0,eval,499,trig_vp,uniform,none,,heun2,20,10,12500,12500,fid,50.41930389404297,completed,ft_clock_solver_sensitivity
trig_vp_uniform_heun2:ep499:nfe20:is_mean,trig_vp_uniform_heun2,cifar10,0,eval,499,trig_vp,uniform,none,,heun2,20,10,12500,12500,is_mean,8.9669189453125,completed,ft_clock_solver_sensitivity
trig_vp_uniform_heun2:ep499:nfe20:is_std,trig_vp_uniform_heun2,cifar10,0,eval,499,trig_vp,uniform,none,,heun2,20,10,12500,12500,is_std,0.12761236727237701,completed,ft_clock_solver_sensitivity
trig_vp_uniform_heun2:ep499:nfe50:fid,trig_vp_uniform_heun2,cifar10,0,eval,499,trig_vp,uniform,none,,heun2,50,25,12500,12500,fid,20.535776138305664,completed,ft_clock_solver_sensitivity
trig_vp_uniform_heun2:ep499:nfe50:is_mean,trig_vp_uniform_heun2,cifar10,0,eval,499,trig_vp,uniform,none,,heun2,50,25,12500,12500,is_mean,9.804550170898438,completed,ft_clock_solver_sensitivity
trig_vp_uniform_heun2:ep499:nfe50:is_std,trig_vp_uniform_heun2,cifar10,0,eval,499,trig_vp,uniform,none,,heun2,50,25,12500,12500,is_std,0.11749991774559021,completed,ft_clock_solver_sensitivity
trig_vp_ft_beta_0_3_euler:ep499:nfe4:fid,trig_vp_ft_beta_0_3_euler,cifar10,0,eval,499,trig_vp,ft_vp_beta,beta,0.3,euler,4,4,12500,12500,fid,266.33001708984375,completed,ft_clock_solver_sensitivity
trig_vp_ft_beta_0_3_euler:ep499:nfe4:is_mean,trig_vp_ft_beta_0_3_euler,cifar10,0,eval,499,trig_vp,ft_vp_beta,beta,0.3,euler,4,4,12500,12500,is_mean,1.7645395994186401,completed,ft_clock_solver_sensitivity
trig_vp_ft_beta_0_3_euler:ep499:nfe4:is_std,trig_vp_ft_beta_0_3_euler,cifar10,0,eval,499,trig_vp,ft_vp_beta,beta,0.3,euler,4,4,12500,12500,is_std,0.010888423770666122,completed,ft_clock_solver_sensitivity
trig_vp_ft_beta_0_3_euler:ep499:nfe10:fid,trig_vp_ft_beta_0_3_euler,cifar10,0,eval,499,trig_vp,ft_vp_beta,beta,0.3,euler,10,10,12500,12500,fid,131.91688537597656,completed,ft_clock_solver_sensitivity
trig_vp_ft_beta_0_3_euler:ep499:nfe10:is_mean,trig_vp_ft_beta_0_3_euler,cifar10,0,eval,499,trig_vp,ft_vp_beta,beta,0.3,euler,10,10,12500,12500,is_mean,4.187775611877441,completed,ft_clock_solver_sensitivity
trig_vp_ft_beta_0_3_euler:ep499:nfe10:is_std,trig_vp_ft_beta_0_3_euler,cifar10,0,eval,499,trig_vp,ft_vp_beta,beta,0.3,euler,10,10,12500,12500,is_std,0.03799046203494072,completed,ft_clock_solver_sensitivity
trig_vp_ft_beta_0_3_euler:ep499:nfe20:fid,trig_vp_ft_beta_0_3_euler,cifar10,0,eval,499,trig_vp,ft_vp_beta,beta,0.3,euler,20,20,12500,12500,fid,80.03878021240234,completed,ft_clock_solver_sensitivity
trig_vp_ft_beta_0_3_euler:ep499:nfe20:is_mean,trig_vp_ft_beta_0_3_euler,cifar10,0,eval,499,trig_vp,ft_vp_beta,beta,0.3,euler,20,20,12500,12500,is_mean,6.6853251457214355,completed,ft_clock_solver_sensitivity
trig_vp_ft_beta_0_3_euler:ep499:nfe20:is_std,trig_vp_ft_beta_0_3_euler,cifar10,0,eval,499,trig_vp,ft_vp_beta,beta,0.3,euler,20,20,12500,12500,is_std,0.06077020615339279,completed,ft_clock_solver_sensitivity
trig_vp_ft_beta_0_3_euler:ep499:nfe50:fid,trig_vp_ft_beta_0_3_euler,cifar10,0,eval,499,trig_vp,ft_vp_beta,beta,0.3,euler,50,50,12500,12500,fid,41.51219177246094,completed,ft_clock_solver_sensitivity
trig_vp_ft_beta_0_3_euler:ep499:nfe50:is_mean,trig_vp_ft_beta_0_3_euler,cifar10,0,eval,499,trig_vp,ft_vp_beta,beta,0.3,euler,50,50,12500,12500,is_mean,8.708316802978516,completed,ft_clock_solver_sensitivity
trig_vp_ft_beta_0_3_euler:ep499:nfe50:is_std,trig_vp_ft_beta_0_3_euler,cifar10,0,eval,499,trig_vp,ft_vp_beta,beta,0.3,euler,50,50,12500,12500,is_std,0.11996748298406601,completed,ft_clock_solver_sensitivity
trig_vp_ft_beta_0_3_heun2:ep499:nfe4:fid,trig_vp_ft_beta_0_3_heun2,cifar10,0,eval,499,trig_vp,ft_vp_beta,beta,0.3,heun2,4,2,12500,12500,fid,212.7127685546875,completed,ft_clock_solver_sensitivity
trig_vp_ft_beta_0_3_heun2:ep499:nfe4:is_mean,trig_vp_ft_beta_0_3_heun2,cifar10,0,eval,499,trig_vp,ft_vp_beta,beta,0.3,heun2,4,2,12500,12500,is_mean,2.3988990783691406,completed,ft_clock_solver_sensitivity
trig_vp_ft_beta_0_3_heun2:ep499:nfe4:is_std,trig_vp_ft_beta_0_3_heun2,cifar10,0,eval,499,trig_vp,ft_vp_beta,beta,0.3,heun2,4,2,12500,12500,is_std,0.032077606767416,completed,ft_clock_solver_sensitivity
trig_vp_ft_beta_0_3_heun2:ep499:nfe10:fid,trig_vp_ft_beta_0_3_heun2,cifar10,0,eval,499,trig_vp,ft_vp_beta,beta,0.3,heun2,10,5,12500,12500,fid,19.525880813598633,completed,ft_clock_solver_sensitivity
trig_vp_ft_beta_0_3_heun2:ep499:nfe10:is_mean,trig_vp_ft_beta_0_3_heun2,cifar10,0,eval,499,trig_vp,ft_vp_beta,beta,0.3,heun2,10,5,12500,12500,is_mean,8.494117736816406,completed,ft_clock_solver_sensitivity
trig_vp_ft_beta_0_3_heun2:ep499:nfe10:is_std,trig_vp_ft_beta_0_3_heun2,cifar10,0,eval,499,trig_vp,ft_vp_beta,beta,0.3,heun2,10,5,12500,12500,is_std,0.1507476568222046,completed,ft_clock_solver_sensitivity
trig_vp_ft_beta_0_3_heun2:ep499:nfe20:fid,trig_vp_ft_beta_0_3_heun2,cifar10,0,eval,499,trig_vp,ft_vp_beta,beta,0.3,heun2,20,10,12500,12500,fid,8.072422981262207,completed,ft_clock_solver_sensitivity
trig_vp_ft_beta_0_3_heun2:ep499:nfe20:is_mean,trig_vp_ft_beta_0_3_heun2,cifar10,0,eval,499,trig_vp,ft_vp_beta,beta,0.3,heun2,20,10,12500,12500,is_mean,8.700233459472656,completed,ft_clock_solver_sensitivity
trig_vp_ft_beta_0_3_heun2:ep499:nfe20:is_std,trig_vp_ft_beta_0_3_heun2,cifar10,0,eval,499,trig_vp,ft_vp_beta,beta,0.3,heun2,20,10,12500,12500,is_std,0.12841372191905975,completed,ft_clock_solver_sensitivity
trig_vp_ft_beta_0_3_heun2:ep499:nfe50:fid,trig_vp_ft_beta_0_3_heun2,cifar10,0,eval,499,trig_vp,ft_vp_beta,beta,0.3,heun2,50,25,12500,12500,fid,6.712441444396973,completed,ft_clock_solver_sensitivity
trig_vp_ft_beta_0_3_heun2:ep499:nfe50:is_mean,trig_vp_ft_beta_0_3_heun2,cifar10,0,eval,499,trig_vp,ft_vp_beta,beta,0.3,heun2,50,25,12500,12500,is_mean,9.000823974609375,completed,ft_clock_solver_sensitivity
trig_vp_ft_beta_0_3_heun2:ep499:nfe50:is_std,trig_vp_ft_beta_0_3_heun2,cifar10,0,eval,499,trig_vp,ft_vp_beta,beta,0.3,heun2,50,25,12500,12500,is_std,0.08780374377965927,completed,ft_clock_solver_sensitivity
trig_vp_ft_beta_0_5_euler:ep499:nfe4:fid,trig_vp_ft_beta_0_5_euler,cifar10,0,eval,499,trig_vp,ft_vp_beta,beta,0.5,euler,4,4,12500,12500,fid,143.750732421875,completed,ft_clock_solver_sensitivity
trig_vp_ft_beta_0_5_euler:ep499:nfe4:is_mean,trig_vp_ft_beta_0_5_euler,cifar10,0,eval,499,trig_vp,ft_vp_beta,beta,0.5,euler,4,4,12500,12500,is_mean,3.7967469692230225,completed,ft_clock_solver_sensitivity
trig_vp_ft_beta_0_5_euler:ep499:nfe4:is_std,trig_vp_ft_beta_0_5_euler,cifar10,0,eval,499,trig_vp,ft_vp_beta,beta,0.5,euler,4,4,12500,12500,is_std,0.03691841661930084,completed,ft_clock_solver_sensitivity
trig_vp_ft_beta_0_5_euler:ep499:nfe10:fid,trig_vp_ft_beta_0_5_euler,cifar10,0,eval,499,trig_vp,ft_vp_beta,beta,0.5,euler,10,10,12500,12500,fid,34.219757080078125,completed,ft_clock_solver_sensitivity
trig_vp_ft_beta_0_5_euler:ep499:nfe10:is_mean,trig_vp_ft_beta_0_5_euler,cifar10,0,eval,499,trig_vp,ft_vp_beta,beta,0.5,euler,10,10,12500,12500,is_mean,8.723073959350586,completed,ft_clock_solver_sensitivity
trig_vp_ft_beta_0_5_euler:ep499:nfe10:is_std,trig_vp_ft_beta_0_5_euler,cifar10,0,eval,499,trig_vp,ft_vp_beta,beta,0.5,euler,10,10,12500,12500,is_std,0.08662537485361099,completed,ft_clock_solver_sensitivity
trig_vp_ft_beta_0_5_euler:ep499:nfe20:fid,trig_vp_ft_beta_0_5_euler,cifar10,0,eval,499,trig_vp,ft_vp_beta,beta,0.5,euler,20,20,12500,12500,fid,12.726090431213379,completed,ft_clock_solver_sensitivity
trig_vp_ft_beta_0_5_euler:ep499:nfe20:is_mean,trig_vp_ft_beta_0_5_euler,cifar10,0,eval,499,trig_vp,ft_vp_beta,beta,0.5,euler,20,20,12500,12500,is_mean,8.622620582580566,completed,ft_clock_solver_sensitivity
trig_vp_ft_beta_0_5_euler:ep499:nfe20:is_std,trig_vp_ft_beta_0_5_euler,cifar10,0,eval,499,trig_vp,ft_vp_beta,beta,0.5,euler,20,20,12500,12500,is_std,0.09972412139177322,completed,ft_clock_solver_sensitivity
trig_vp_ft_beta_0_5_euler:ep499:nfe50:fid,trig_vp_ft_beta_0_5_euler,cifar10,0,eval,499,trig_vp,ft_vp_beta,beta,0.5,euler,50,50,12500,12500,fid,15.057001113891602,completed,ft_clock_solver_sensitivity
trig_vp_ft_beta_0_5_euler:ep499:nfe50:is_mean,trig_vp_ft_beta_0_5_euler,cifar10,0,eval,499,trig_vp,ft_vp_beta,beta,0.5,euler,50,50,12500,12500,is_mean,8.116668701171875,completed,ft_clock_solver_sensitivity
trig_vp_ft_beta_0_5_euler:ep499:nfe50:is_std,trig_vp_ft_beta_0_5_euler,cifar10,0,eval,499,trig_vp,ft_vp_beta,beta,0.5,euler,50,50,12500,12500,is_std,0.14250284433364868,completed,ft_clock_solver_sensitivity
trig_vp_ft_beta_0_5_heun2:ep499:nfe4:fid,trig_vp_ft_beta_0_5_heun2,cifar10,0,eval,499,trig_vp,ft_vp_beta,beta,0.5,heun2,4,2,12500,12500,fid,155.8268585205078,completed,ft_clock_solver_sensitivity
trig_vp_ft_beta_0_5_heun2:ep499:nfe4:is_mean,trig_vp_ft_beta_0_5_heun2,cifar10,0,eval,499,trig_vp,ft_vp_beta,beta,0.5,heun2,4,2,12500,12500,is_mean,3.641026735305786,completed,ft_clock_solver_sensitivity
trig_vp_ft_beta_0_5_heun2:ep499:nfe4:is_std,trig_vp_ft_beta_0_5_heun2,cifar10,0,eval,499,trig_vp,ft_vp_beta,beta,0.5,heun2,4,2,12500,12500,is_std,0.045030079782009125,completed,ft_clock_solver_sensitivity
trig_vp_ft_beta_0_5_heun2:ep499:nfe10:fid,trig_vp_ft_beta_0_5_heun2,cifar10,0,eval,499,trig_vp,ft_vp_beta,beta,0.5,heun2,10,5,12500,12500,fid,106.55133819580078,completed,ft_clock_solver_sensitivity
trig_vp_ft_beta_0_5_heun2:ep499:nfe10:is_mean,trig_vp_ft_beta_0_5_heun2,cifar10,0,eval,499,trig_vp,ft_vp_beta,beta,0.5,heun2,10,5,12500,12500,is_mean,6.045825481414795,completed,ft_clock_solver_sensitivity
trig_vp_ft_beta_0_5_heun2:ep499:nfe10:is_std,trig_vp_ft_beta_0_5_heun2,cifar10,0,eval,499,trig_vp,ft_vp_beta,beta,0.5,heun2,10,5,12500,12500,is_std,0.06757250428199768,completed,ft_clock_solver_sensitivity
trig_vp_ft_beta_0_5_heun2:ep499:nfe20:fid,trig_vp_ft_beta_0_5_heun2,cifar10,0,eval,499,trig_vp,ft_vp_beta,beta,0.5,heun2,20,10,12500,12500,fid,76.14012908935547,completed,ft_clock_solver_sensitivity
trig_vp_ft_beta_0_5_heun2:ep499:nfe20:is_mean,trig_vp_ft_beta_0_5_heun2,cifar10,0,eval,499,trig_vp,ft_vp_beta,beta,0.5,heun2,20,10,12500,12500,is_mean,8.15512752532959,completed,ft_clock_solver_sensitivity
trig_vp_ft_beta_0_5_heun2:ep499:nfe20:is_std,trig_vp_ft_beta_0_5_heun2,cifar10,0,eval,499,trig_vp,ft_vp_beta,beta,0.5,heun2,20,10,12500,12500,is_std,0.15668173134326935,completed,ft_clock_solver_sensitivity
trig_vp_ft_beta_0_5_heun2:ep499:nfe50:fid,trig_vp_ft_beta_0_5_heun2,cifar10,0,eval,499,trig_vp,ft_vp_beta,beta,0.5,heun2,50,25,12500,12500,fid,37.87022399902344,completed,ft_clock_solver_sensitivity
trig_vp_ft_beta_0_5_heun2:ep499:nfe50:is_mean,trig_vp_ft_beta_0_5_heun2,cifar10,0,eval,499,trig_vp,ft_vp_beta,beta,0.5,heun2,50,25,12500,12500,is_mean,9.033180236816406,completed,ft_clock_solver_sensitivity
trig_vp_ft_beta_0_5_heun2:ep499:nfe50:is_std,trig_vp_ft_beta_0_5_heun2,cifar10,0,eval,499,trig_vp,ft_vp_beta,beta,0.5,heun2,50,25,12500,12500,is_std,0.14289255440235138,completed,ft_clock_solver_sensitivity
trig_vp_ft_beta_0_7_euler:ep499:nfe4:fid,trig_vp_ft_beta_0_7_euler,cifar10,0,eval,499,trig_vp,ft_vp_beta,beta,0.7,euler,4,4,12500,12500,fid,163.27261352539062,completed,ft_clock_solver_sensitivity
trig_vp_ft_beta_0_7_euler:ep499:nfe4:is_mean,trig_vp_ft_beta_0_7_euler,cifar10,0,eval,499,trig_vp,ft_vp_beta,beta,0.7,euler,4,4,12500,12500,is_mean,3.629608154296875,completed,ft_clock_solver_sensitivity
trig_vp_ft_beta_0_7_euler:ep499:nfe4:is_std,trig_vp_ft_beta_0_7_euler,cifar10,0,eval,499,trig_vp,ft_vp_beta,beta,0.7,euler,4,4,12500,12500,is_std,0.04495612531900406,completed,ft_clock_solver_sensitivity
trig_vp_ft_beta_0_7_euler:ep499:nfe10:fid,trig_vp_ft_beta_0_7_euler,cifar10,0,eval,499,trig_vp,ft_vp_beta,beta,0.7,euler,10,10,12500,12500,fid,30.450889587402344,completed,ft_clock_solver_sensitivity
trig_vp_ft_beta_0_7_euler:ep499:nfe10:is_mean,trig_vp_ft_beta_0_7_euler,cifar10,0,eval,499,trig_vp,ft_vp_beta,beta,0.7,euler,10,10,12500,12500,is_mean,7.69308614730835,completed,ft_clock_solver_sensitivity
trig_vp_ft_beta_0_7_euler:ep499:nfe10:is_std,trig_vp_ft_beta_0_7_euler,cifar10,0,eval,499,trig_vp,ft_vp_beta,beta,0.7,euler,10,10,12500,12500,is_std,0.1159355491399765,completed,ft_clock_solver_sensitivity
trig_vp_ft_beta_0_7_euler:ep499:nfe20:fid,trig_vp_ft_beta_0_7_euler,cifar10,0,eval,499,trig_vp,ft_vp_beta,beta,0.7,euler,20,20,12500,12500,fid,18.990989685058594,completed,ft_clock_solver_sensitivity
trig_vp_ft_beta_0_7_euler:ep499:nfe20:is_mean,trig_vp_ft_beta_0_7_euler,cifar10,0,eval,499,trig_vp,ft_vp_beta,beta,0.7,euler,20,20,12500,12500,is_mean,7.732896327972412,completed,ft_clock_solver_sensitivity
trig_vp_ft_beta_0_7_euler:ep499:nfe20:is_std,trig_vp_ft_beta_0_7_euler,cifar10,0,eval,499,trig_vp,ft_vp_beta,beta,0.7,euler,20,20,12500,12500,is_std,0.10237867385149002,completed,ft_clock_solver_sensitivity
trig_vp_ft_beta_0_7_euler:ep499:nfe50:fid,trig_vp_ft_beta_0_7_euler,cifar10,0,eval,499,trig_vp,ft_vp_beta,beta,0.7,euler,50,50,12500,12500,fid,13.091370582580566,completed,ft_clock_solver_sensitivity
trig_vp_ft_beta_0_7_euler:ep499:nfe50:is_mean,trig_vp_ft_beta_0_7_euler,cifar10,0,eval,499,trig_vp,ft_vp_beta,beta,0.7,euler,50,50,12500,12500,is_mean,8.020790100097656,completed,ft_clock_solver_sensitivity
trig_vp_ft_beta_0_7_euler:ep499:nfe50:is_std,trig_vp_ft_beta_0_7_euler,cifar10,0,eval,499,trig_vp,ft_vp_beta,beta,0.7,euler,50,50,12500,12500,is_std,0.11417349427938461,completed,ft_clock_solver_sensitivity
trig_vp_ft_beta_0_7_heun2:ep499:nfe4:fid,trig_vp_ft_beta_0_7_heun2,cifar10,0,eval,499,trig_vp,ft_vp_beta,beta,0.7,heun2,4,2,12500,12500,fid,337.9112243652344,completed,ft_clock_solver_sensitivity
trig_vp_ft_beta_0_7_heun2:ep499:nfe4:is_mean,trig_vp_ft_beta_0_7_heun2,cifar10,0,eval,499,trig_vp,ft_vp_beta,beta,0.7,heun2,4,2,12500,12500,is_mean,1.3464168310165405,completed,ft_clock_solver_sensitivity
trig_vp_ft_beta_0_7_heun2:ep499:nfe4:is_std,trig_vp_ft_beta_0_7_heun2,cifar10,0,eval,499,trig_vp,ft_vp_beta,beta,0.7,heun2,4,2,12500,12500,is_std,0.0022801929153501987,completed,ft_clock_solver_sensitivity
trig_vp_ft_beta_0_7_heun2:ep499:nfe10:fid,trig_vp_ft_beta_0_7_heun2,cifar10,0,eval,499,trig_vp,ft_vp_beta,beta,0.7,heun2,10,5,12500,12500,fid,62.90354537963867,completed,ft_clock_solver_sensitivity
trig_vp_ft_beta_0_7_heun2:ep499:nfe10:is_mean,trig_vp_ft_beta_0_7_heun2,cifar10,0,eval,499,trig_vp,ft_vp_beta,beta,0.7,heun2,10,5,12500,12500,is_mean,7.253390789031982,completed,ft_clock_solver_sensitivity
trig_vp_ft_beta_0_7_heun2:ep499:nfe10:is_std,trig_vp_ft_beta_0_7_heun2,cifar10,0,eval,499,trig_vp,ft_vp_beta,beta,0.7,heun2,10,5,12500,12500,is_std,0.055517926812171936,completed,ft_clock_solver_sensitivity
trig_vp_ft_beta_0_7_heun2:ep499:nfe20:fid,trig_vp_ft_beta_0_7_heun2,cifar10,0,eval,499,trig_vp,ft_vp_beta,beta,0.7,heun2,20,10,12500,12500,fid,24.240028381347656,completed,ft_clock_solver_sensitivity
trig_vp_ft_beta_0_7_heun2:ep499:nfe20:is_mean,trig_vp_ft_beta_0_7_heun2,cifar10,0,eval,499,trig_vp,ft_vp_beta,beta,0.7,heun2,20,10,12500,12500,is_mean,8.60313892364502,completed,ft_clock_solver_sensitivity
trig_vp_ft_beta_0_7_heun2:ep499:nfe20:is_std,trig_vp_ft_beta_0_7_heun2,cifar10,0,eval,499,trig_vp,ft_vp_beta,beta,0.7,heun2,20,10,12500,12500,is_std,0.09796746075153351,completed,ft_clock_solver_sensitivity
trig_vp_ft_beta_0_7_heun2:ep499:nfe50:fid,trig_vp_ft_beta_0_7_heun2,cifar10,0,eval,499,trig_vp,ft_vp_beta,beta,0.7,heun2,50,25,12500,12500,fid,10.817606925964355,completed,ft_clock_solver_sensitivity
trig_vp_ft_beta_0_7_heun2:ep499:nfe50:is_mean,trig_vp_ft_beta_0_7_heun2,cifar10,0,eval,499,trig_vp,ft_vp_beta,beta,0.7,heun2,50,25,12500,12500,is_mean,8.252206802368164,completed,ft_clock_solver_sensitivity
trig_vp_ft_beta_0_7_heun2:ep499:nfe50:is_std,trig_vp_ft_beta_0_7_heun2,cifar10,0,eval,499,trig_vp,ft_vp_beta,beta,0.7,heun2,50,25,12500,12500,is_std,0.1043725237250328,completed,ft_clock_solver_sensitivity
linear_uniform_euler:ep499:nfe6:fid,linear_uniform_euler,cifar10,0,eval,499,linear,uniform,none,,euler,6,6,12500,12500,fid,31.614805221557617,completed,ft_clock_solver_sensitivity
linear_uniform_euler:ep499:nfe6:precision,linear_uniform_euler,cifar10,0,eval,499,linear,uniform,none,,euler,6,6,12500,12500,precision,0.5823000073432922,completed,ft_clock_solver_sensitivity
linear_uniform_euler:ep499:nfe6:recall,linear_uniform_euler,cifar10,0,eval,499,linear,uniform,none,,euler,6,6,12500,12500,recall,0.5041999816894531,completed,ft_clock_solver_sensitivity
linear_uniform_euler:ep499:nfe6:is_mean,linear_uniform_euler,cifar10,0,eval,499,linear,uniform,none,,euler,6,6,12500,12500,is_mean,7.116404056549072,completed,ft_clock_solver_sensitivity
linear_uniform_euler:ep499:nfe6:is_std,linear_uniform_euler,cifar10,0,eval,499,linear,uniform,none,,euler,6,6,12500,12500,is_std,0.08107046037912369,completed,ft_clock_solver_sensitivity
linear_uniform_euler:ep499:nfe12:fid,linear_uniform_euler,cifar10,0,eval,499,linear,uniform,none,,euler,12,12,12500,12500,fid,15.266261100769043,completed,ft_clock_solver_sensitivity
linear_uniform_euler:ep499:nfe12:precision,linear_uniform_euler,cifar10,0,eval,499,linear,uniform,none,,euler,12,12,12500,12500,precision,0.6480000019073486,completed,ft_clock_solver_sensitivity
linear_uniform_euler:ep499:nfe12:recall,linear_uniform_euler,cifar10,0,eval,499,linear,uniform,none,,euler,12,12,12500,12500,recall,0.5856999754905701,completed,ft_clock_solver_sensitivity
linear_uniform_euler:ep499:nfe12:is_mean,linear_uniform_euler,cifar10,0,eval,499,linear,uniform,none,,euler,12,12,12500,12500,is_mean,8.00110912322998,completed,ft_clock_solver_sensitivity
linear_uniform_euler:ep499:nfe12:is_std,linear_uniform_euler,cifar10,0,eval,499,linear,uniform,none,,euler,12,12,12500,12500,is_std,0.12914149463176727,completed,ft_clock_solver_sensitivity
linear_uniform_euler:ep499:nfe18:fid,linear_uniform_euler,cifar10,0,eval,499,linear,uniform,none,,euler,18,18,12500,12500,fid,11.820616722106934,completed,ft_clock_solver_sensitivity
linear_uniform_euler:ep499:nfe18:precision,linear_uniform_euler,cifar10,0,eval,499,linear,uniform,none,,euler,18,18,12500,12500,precision,0.6703000068664551,completed,ft_clock_solver_sensitivity
linear_uniform_euler:ep499:nfe18:recall,linear_uniform_euler,cifar10,0,eval,499,linear,uniform,none,,euler,18,18,12500,12500,recall,0.6134999990463257,completed,ft_clock_solver_sensitivity
linear_uniform_euler:ep499:nfe18:is_mean,linear_uniform_euler,cifar10,0,eval,499,linear,uniform,none,,euler,18,18,12500,12500,is_mean,8.215763092041016,completed,ft_clock_solver_sensitivity
linear_uniform_euler:ep499:nfe18:is_std,linear_uniform_euler,cifar10,0,eval,499,linear,uniform,none,,euler,18,18,12500,12500,is_std,0.14955182373523712,completed,ft_clock_solver_sensitivity
linear_uniform_euler:ep499:nfe24:fid,linear_uniform_euler,cifar10,0,eval,499,linear,uniform,none,,euler,24,24,12500,12500,fid,10.306624412536621,completed,ft_clock_solver_sensitivity
linear_uniform_euler:ep499:nfe24:precision,linear_uniform_euler,cifar10,0,eval,499,linear,uniform,none,,euler,24,24,12500,12500,precision,0.6794999837875366,completed,ft_clock_solver_sensitivity
linear_uniform_euler:ep499:nfe24:recall,linear_uniform_euler,cifar10,0,eval,499,linear,uniform,none,,euler,24,24,12500,12500,recall,0.6277999877929688,completed,ft_clock_solver_sensitivity
linear_uniform_euler:ep499:nfe24:is_mean,linear_uniform_euler,cifar10,0,eval,499,linear,uniform,none,,euler,24,24,12500,12500,is_mean,8.289900779724121,completed,ft_clock_solver_sensitivity
linear_uniform_euler:ep499:nfe24:is_std,linear_uniform_euler,cifar10,0,eval,499,linear,uniform,none,,euler,24,24,12500,12500,is_std,0.15107233822345734,completed,ft_clock_solver_sensitivity
linear_uniform_euler:ep499:nfe30:fid,linear_uniform_euler,cifar10,0,eval,499,linear,uniform,none,,euler,30,30,12500,12500,fid,9.412673950195312,completed,ft_clock_solver_sensitivity
linear_uniform_euler:ep499:nfe30:precision,linear_uniform_euler,cifar10,0,eval,499,linear,uniform,none,,euler,30,30,12500,12500,precision,0.6869999766349792,completed,ft_clock_solver_sensitivity
linear_uniform_euler:ep499:nfe30:recall,linear_uniform_euler,cifar10,0,eval,499,linear,uniform,none,,euler,30,30,12500,12500,recall,0.6371999979019165,completed,ft_clock_solver_sensitivity
linear_uniform_euler:ep499:nfe30:is_mean,linear_uniform_euler,cifar10,0,eval,499,linear,uniform,none,,euler,30,30,12500,12500,is_mean,8.347163200378418,completed,ft_clock_solver_sensitivity
linear_uniform_euler:ep499:nfe30:is_std,linear_uniform_euler,cifar10,0,eval,499,linear,uniform,none,,euler,30,30,12500,12500,is_std,0.1710692197084427,completed,ft_clock_solver_sensitivity
linear_uniform_euler:ep499:nfe48:fid,linear_uniform_euler,cifar10,0,eval,499,linear,uniform,none,,euler,48,48,12500,12500,fid,8.126766204833984,completed,ft_clock_solver_sensitivity
linear_uniform_euler:ep499:nfe48:precision,linear_uniform_euler,cifar10,0,eval,499,linear,uniform,none,,euler,48,48,12500,12500,precision,0.6966999769210815,completed,ft_clock_solver_sensitivity
linear_uniform_euler:ep499:nfe48:recall,linear_uniform_euler,cifar10,0,eval,499,linear,uniform,none,,euler,48,48,12500,12500,recall,0.6466000080108643,completed,ft_clock_solver_sensitivity
linear_uniform_euler:ep499:nfe48:is_mean,linear_uniform_euler,cifar10,0,eval,499,linear,uniform,none,,euler,48,48,12500,12500,is_mean,8.453696250915527,completed,ft_clock_solver_sensitivity
linear_uniform_euler:ep499:nfe48:is_std,linear_uniform_euler,cifar10,0,eval,499,linear,uniform,none,,euler,48,48,12500,12500,is_std,0.14307443797588348,completed,ft_clock_solver_sensitivity
linear_uniform_euler:ep499:nfe96:fid,linear_uniform_euler,cifar10,0,eval,499,linear,uniform,none,,euler,96,96,12500,12500,fid,7.1646294593811035,completed,ft_clock_solver_sensitivity
linear_uniform_euler:ep499:nfe96:precision,linear_uniform_euler,cifar10,0,eval,499,linear,uniform,none,,euler,96,96,12500,12500,precision,0.7078999876976013,completed,ft_clock_solver_sensitivity
linear_uniform_euler:ep499:nfe96:recall,linear_uniform_euler,cifar10,0,eval,499,linear,uniform,none,,euler,96,96,12500,12500,recall,0.6521999835968018,completed,ft_clock_solver_sensitivity
linear_uniform_euler:ep499:nfe96:is_mean,linear_uniform_euler,cifar10,0,eval,499,linear,uniform,none,,euler,96,96,12500,12500,is_mean,8.597785949707031,completed,ft_clock_solver_sensitivity
linear_uniform_euler:ep499:nfe96:is_std,linear_uniform_euler,cifar10,0,eval,499,linear,uniform,none,,euler,96,96,12500,12500,is_std,0.12591484189033508,completed,ft_clock_solver_sensitivity
linear_uniform_heun2:ep499:nfe6:fid,linear_uniform_heun2,cifar10,0,eval,499,linear,uniform,none,,heun2,6,3,12500,12500,fid,173.4650421142578,completed,ft_clock_solver_sensitivity
linear_uniform_heun2:ep499:nfe6:precision,linear_uniform_heun2,cifar10,0,eval,499,linear,uniform,none,,heun2,6,3,12500,12500,precision,0.3105999827384949,completed,ft_clock_solver_sensitivity
linear_uniform_heun2:ep499:nfe6:recall,linear_uniform_heun2,cifar10,0,eval,499,linear,uniform,none,,heun2,6,3,12500,12500,recall,0.11879999935626984,completed,ft_clock_solver_sensitivity
linear_uniform_heun2:ep499:nfe6:is_mean,linear_uniform_heun2,cifar10,0,eval,499,linear,uniform,none,,heun2,6,3,12500,12500,is_mean,3.1775026321411133,completed,ft_clock_solver_sensitivity
linear_uniform_heun2:ep499:nfe6:is_std,linear_uniform_heun2,cifar10,0,eval,499,linear,uniform,none,,heun2,6,3,12500,12500,is_std,0.042420271784067154,completed,ft_clock_solver_sensitivity
linear_uniform_heun2:ep499:nfe12:fid,linear_uniform_heun2,cifar10,0,eval,499,linear,uniform,none,,heun2,12,6,12500,12500,fid,69.70906829833984,completed,ft_clock_solver_sensitivity
linear_uniform_heun2:ep499:nfe12:precision,linear_uniform_heun2,cifar10,0,eval,499,linear,uniform,none,,heun2,12,6,12500,12500,precision,0.36169999837875366,completed,ft_clock_solver_sensitivity
linear_uniform_heun2:ep499:nfe12:recall,linear_uniform_heun2,cifar10,0,eval,499,linear,uniform,none,,heun2,12,6,12500,12500,recall,0.3763999938964844,completed,ft_clock_solver_sensitivity
linear_uniform_heun2:ep499:nfe12:is_mean,linear_uniform_heun2,cifar10,0,eval,499,linear,uniform,none,,heun2,12,6,12500,12500,is_mean,7.302160739898682,completed,ft_clock_solver_sensitivity
linear_uniform_heun2:ep499:nfe12:is_std,linear_uniform_heun2,cifar10,0,eval,499,linear,uniform,none,,heun2,12,6,12500,12500,is_std,0.08791735023260117,completed,ft_clock_solver_sensitivity
linear_uniform_heun2:ep499:nfe18:fid,linear_uniform_heun2,cifar10,0,eval,499,linear,uniform,none,,heun2,18,9,12500,12500,fid,42.96270751953125,completed,ft_clock_solver_sensitivity
linear_uniform_heun2:ep499:nfe18:precision,linear_uniform_heun2,cifar10,0,eval,499,linear,uniform,none,,heun2,18,9,12500,12500,precision,0.432699978351593,completed,ft_clock_solver_sensitivity
linear_uniform_heun2:ep499:nfe18:recall,linear_uniform_heun2,cifar10,0,eval,499,linear,uniform,none,,heun2,18,9,12500,12500,recall,0.49480000138282776,completed,ft_clock_solver_sensitivity
linear_uniform_heun2:ep499:nfe18:is_mean,linear_uniform_heun2,cifar10,0,eval,499,linear,uniform,none,,heun2,18,9,12500,12500,is_mean,8.685885429382324,completed,ft_clock_solver_sensitivity
linear_uniform_heun2:ep499:nfe18:is_std,linear_uniform_heun2,cifar10,0,eval,499,linear,uniform,none,,heun2,18,9,12500,12500,is_std,0.10257774591445923,completed,ft_clock_solver_sensitivity
linear_uniform_heun2:ep499:nfe24:fid,linear_uniform_heun2,cifar10,0,eval,499,linear,uniform,none,,heun2,24,12,12500,12500,fid,30.17829704284668,completed,ft_clock_solver_sensitivity
linear_uniform_heun2:ep499:nfe24:precision,linear_uniform_heun2,cifar10,0,eval,499,linear,uniform,none,,heun2,24,12,12500,12500,precision,0.5044000148773193,completed,ft_clock_solver_sensitivity
linear_uniform_heun2:ep499:nfe24:recall,linear_uniform_heun2,cifar10,0,eval,499,linear,uniform,none,,heun2,24,12,12500,12500,recall,0.5598999857902527,completed,ft_clock_solver_sensitivity
linear_uniform_heun2:ep499:nfe24:is_mean,linear_uniform_heun2,cifar10,0,eval,499,linear,uniform,none,,heun2,24,12,12500,12500,is_mean,9.122170448303223,completed,ft_clock_solver_sensitivity
linear_uniform_heun2:ep499:nfe24:is_std,linear_uniform_heun2,cifar10,0,eval,499,linear,uniform,none,,heun2,24,12,12500,12500,is_std,0.1301628053188324,completed,ft_clock_solver_sensitivity
linear_uniform_heun2:ep499:nfe30:fid,linear_uniform_heun2,cifar10,0,eval,499,linear,uniform,none,,heun2,30,15,12500,12500,fid,22.596176147460938,completed,ft_clock_solver_sensitivity
linear_uniform_heun2:ep499:nfe30:precision,linear_uniform_heun2,cifar10,0,eval,499,linear,uniform,none,,heun2,30,15,12500,12500,precision,0.5516999959945679,completed,ft_clock_solver_sensitivity
linear_uniform_heun2:ep499:nfe30:recall,linear_uniform_heun2,cifar10,0,eval,499,linear,uniform,none,,heun2,30,15,12500,12500,recall,0.5849999785423279,completed,ft_clock_solver_sensitivity
linear_uniform_heun2:ep499:nfe30:is_mean,linear_uniform_heun2,cifar10,0,eval,499,linear,uniform,none,,heun2,30,15,12500,12500,is_mean,9.27598762512207,completed,ft_clock_solver_sensitivity
linear_uniform_heun2:ep499:nfe30:is_std,linear_uniform_heun2,cifar10,0,eval,499,linear,uniform,none,,heun2,30,15,12500,12500,is_std,0.1171516552567482,completed,ft_clock_solver_sensitivity
linear_uniform_heun2:ep499:nfe48:fid,linear_uniform_heun2,cifar10,0,eval,499,linear,uniform,none,,heun2,48,24,12500,12500,fid,12.204242706298828,completed,ft_clock_solver_sensitivity
linear_uniform_heun2:ep499:nfe48:precision,linear_uniform_heun2,cifar10,0,eval,499,linear,uniform,none,,heun2,48,24,12500,12500,precision,0.6359999775886536,completed,ft_clock_solver_sensitivity
linear_uniform_heun2:ep499:nfe48:recall,linear_uniform_heun2,cifar10,0,eval,499,linear,uniform,none,,heun2,48,24,12500,12500,recall,0.6352999806404114,completed,ft_clock_solver_sensitivity
linear_uniform_heun2:ep499:nfe48:is_mean,linear_uniform_heun2,cifar10,0,eval,499,linear,uniform,none,,heun2,48,24,12500,12500,is_mean,9.262778282165527,completed,ft_clock_solver_sensitivity
linear_uniform_heun2:ep499:nfe48:is_std,linear_uniform_heun2,cifar10,0,eval,499,linear,uniform,none,,heun2,48,24,12500,12500,is_std,0.11295625567436218,completed,ft_clock_solver_sensitivity
linear_uniform_heun2:ep499:nfe96:fid,linear_uniform_heun2,cifar10,0,eval,499,linear,uniform,none,,heun2,96,48,12500,12500,fid,6.810505390167236,completed,ft_clock_solver_sensitivity
linear_uniform_heun2:ep499:nfe96:precision,linear_uniform_heun2,cifar10,0,eval,499,linear,uniform,none,,heun2,96,48,12500,12500,precision,0.6916999816894531,completed,ft_clock_solver_sensitivity
linear_uniform_heun2:ep499:nfe96:recall,linear_uniform_heun2,cifar10,0,eval,499,linear,uniform,none,,heun2,96,48,12500,12500,recall,0.6595999598503113,completed,ft_clock_solver_sensitivity
linear_uniform_heun2:ep499:nfe96:is_mean,linear_uniform_heun2,cifar10,0,eval,499,linear,uniform,none,,heun2,96,48,12500,12500,is_mean,8.988263130187988,completed,ft_clock_solver_sensitivity
linear_uniform_heun2:ep499:nfe96:is_std,linear_uniform_heun2,cifar10,0,eval,499,linear,uniform,none,,heun2,96,48,12500,12500,is_std,0.11942923814058304,completed,ft_clock_solver_sensitivity
linear_uniform_rk3:ep499:nfe6:fid,linear_uniform_rk3,cifar10,0,eval,499,linear,uniform,none,,rk3,6,2,12500,12500,fid,97.02082824707031,completed,ft_clock_solver_sensitivity
linear_uniform_rk3:ep499:nfe6:precision,linear_uniform_rk3,cifar10,0,eval,499,linear,uniform,none,,rk3,6,2,12500,12500,precision,0.32569998502731323,completed,ft_clock_solver_sensitivity
linear_uniform_rk3:ep499:nfe6:recall,linear_uniform_rk3,cifar10,0,eval,499,linear,uniform,none,,rk3,6,2,12500,12500,recall,0.27549999952316284,completed,ft_clock_solver_sensitivity
linear_uniform_rk3:ep499:nfe6:is_mean,linear_uniform_rk3,cifar10,0,eval,499,linear,uniform,none,,rk3,6,2,12500,12500,is_mean,5.86516809463501,completed,ft_clock_solver_sensitivity
linear_uniform_rk3:ep499:nfe6:is_std,linear_uniform_rk3,cifar10,0,eval,499,linear,uniform,none,,rk3,6,2,12500,12500,is_std,0.08368600904941559,completed,ft_clock_solver_sensitivity
linear_uniform_rk3:ep499:nfe12:fid,linear_uniform_rk3,cifar10,0,eval,499,linear,uniform,none,,rk3,12,4,12500,12500,fid,36.07799530029297,completed,ft_clock_solver_sensitivity
linear_uniform_rk3:ep499:nfe12:precision,linear_uniform_rk3,cifar10,0,eval,499,linear,uniform,none,,rk3,12,4,12500,12500,precision,0.45649999380111694,completed,ft_clock_solver_sensitivity
linear_uniform_rk3:ep499:nfe12:recall,linear_uniform_rk3,cifar10,0,eval,499,linear,uniform,none,,rk3,12,4,12500,12500,recall,0.5085999965667725,completed,ft_clock_solver_sensitivity
linear_uniform_rk3:ep499:nfe12:is_mean,linear_uniform_rk3,cifar10,0,eval,499,linear,uniform,none,,rk3,12,4,12500,12500,is_mean,9.019782066345215,completed,ft_clock_solver_sensitivity
linear_uniform_rk3:ep499:nfe12:is_std,linear_uniform_rk3,cifar10,0,eval,499,linear,uniform,none,,rk3,12,4,12500,12500,is_std,0.13259680569171906,completed,ft_clock_solver_sensitivity
linear_uniform_rk3:ep499:nfe18:fid,linear_uniform_rk3,cifar10,0,eval,499,linear,uniform,none,,rk3,18,6,12500,12500,fid,20.604068756103516,completed,ft_clock_solver_sensitivity
linear_uniform_rk3:ep499:nfe18:precision,linear_uniform_rk3,cifar10,0,eval,499,linear,uniform,none,,rk3,18,6,12500,12500,precision,0.5602999925613403,completed,ft_clock_solver_sensitivity
linear_uniform_rk3:ep499:nfe18:recall,linear_uniform_rk3,cifar10,0,eval,499,linear,uniform,none,,rk3,18,6,12500,12500,recall,0.5909000039100647,completed,ft_clock_solver_sensitivity
linear_uniform_rk3:ep499:nfe18:is_mean,linear_uniform_rk3,cifar10,0,eval,499,linear,uniform,none,,rk3,18,6,12500,12500,is_mean,9.357442855834961,completed,ft_clock_solver_sensitivity
linear_uniform_rk3:ep499:nfe18:is_std,linear_uniform_rk3,cifar10,0,eval,499,linear,uniform,none,,rk3,18,6,12500,12500,is_std,0.1292206346988678,completed,ft_clock_solver_sensitivity
linear_uniform_rk3:ep499:nfe24:fid,linear_uniform_rk3,cifar10,0,eval,499,linear,uniform,none,,rk3,24,8,12500,12500,fid,13.775689125061035,completed,ft_clock_solver_sensitivity
linear_uniform_rk3:ep499:nfe24:precision,linear_uniform_rk3,cifar10,0,eval,499,linear,uniform,none,,rk3,24,8,12500,12500,precision,0.614799976348877,completed,ft_clock_solver_sensitivity
linear_uniform_rk3:ep499:nfe24:recall,linear_uniform_rk3,cifar10,0,eval,499,linear,uniform,none,,rk3,24,8,12500,12500,recall,0.6238999962806702,completed,ft_clock_solver_sensitivity
linear_uniform_rk3:ep499:nfe24:is_mean,linear_uniform_rk3,cifar10,0,eval,499,linear,uniform,none,,rk3,24,8,12500,12500,is_mean,9.351183891296387,completed,ft_clock_solver_sensitivity
linear_uniform_rk3:ep499:nfe24:is_std,linear_uniform_rk3,cifar10,0,eval,499,linear,uniform,none,,rk3,24,8,12500,12500,is_std,0.11829259246587753,completed,ft_clock_solver_sensitivity
linear_uniform_rk3:ep499:nfe30:fid,linear_uniform_rk3,cifar10,0,eval,499,linear,uniform,none,,rk3,30,10,12500,12500,fid,10.244328498840332,completed,ft_clock_solver_sensitivity
linear_uniform_rk3:ep499:nfe30:precision,linear_uniform_rk3,cifar10,0,eval,499,linear,uniform,none,,rk3,30,10,12500,12500,precision,0.6489999890327454,completed,ft_clock_solver_sensitivity
linear_uniform_rk3:ep499:nfe30:recall,linear_uniform_rk3,cifar10,0,eval,499,linear,uniform,none,,rk3,30,10,12500,12500,recall,0.6416999697685242,completed,ft_clock_solver_sensitivity
linear_uniform_rk3:ep499:nfe30:is_mean,linear_uniform_rk3,cifar10,0,eval,499,linear,uniform,none,,rk3,30,10,12500,12500,is_mean,9.25354290008545,completed,ft_clock_solver_sensitivity
linear_uniform_rk3:ep499:nfe30:is_std,linear_uniform_rk3,cifar10,0,eval,499,linear,uniform,none,,rk3,30,10,12500,12500,is_std,0.11911322921514511,completed,ft_clock_solver_sensitivity
linear_uniform_rk3:ep499:nfe48:fid,linear_uniform_rk3,cifar10,0,eval,499,linear,uniform,none,,rk3,48,16,12500,12500,fid,6.797730922698975,completed,ft_clock_solver_sensitivity
linear_uniform_rk3:ep499:nfe48:precision,linear_uniform_rk3,cifar10,0,eval,499,linear,uniform,none,,rk3,48,16,12500,12500,precision,0.6895999908447266,completed,ft_clock_solver_sensitivity
linear_uniform_rk3:ep499:nfe48:recall,linear_uniform_rk3,cifar10,0,eval,499,linear,uniform,none,,rk3,48,16,12500,12500,recall,0.6603999733924866,completed,ft_clock_solver_sensitivity
linear_uniform_rk3:ep499:nfe48:is_mean,linear_uniform_rk3,cifar10,0,eval,499,linear,uniform,none,,rk3,48,16,12500,12500,is_mean,9.007865905761719,completed,ft_clock_solver_sensitivity
linear_uniform_rk3:ep499:nfe48:is_std,linear_uniform_rk3,cifar10,0,eval,499,linear,uniform,none,,rk3,48,16,12500,12500,is_std,0.1156022772192955,completed,ft_clock_solver_sensitivity
linear_uniform_rk3:ep499:nfe96:fid,linear_uniform_rk3,cifar10,0,eval,499,linear,uniform,none,,rk3,96,32,12500,12500,fid,6.329955577850342,completed,ft_clock_solver_sensitivity
linear_uniform_rk3:ep499:nfe96:precision,linear_uniform_rk3,cifar10,0,eval,499,linear,uniform,none,,rk3,96,32,12500,12500,precision,0.7060999870300293,completed,ft_clock_solver_sensitivity
linear_uniform_rk3:ep499:nfe96:recall,linear_uniform_rk3,cifar10,0,eval,499,linear,uniform,none,,rk3,96,32,12500,12500,recall,0.661799967288971,completed,ft_clock_solver_sensitivity
linear_uniform_rk3:ep499:nfe96:is_mean,linear_uniform_rk3,cifar10,0,eval,499,linear,uniform,none,,rk3,96,32,12500,12500,is_mean,8.802465438842773,completed,ft_clock_solver_sensitivity
linear_uniform_rk3:ep499:nfe96:is_std,linear_uniform_rk3,cifar10,0,eval,499,linear,uniform,none,,rk3,96,32,12500,12500,is_std,0.10269568860530853,completed,ft_clock_solver_sensitivity
linear_uniform_stork4:ep499:nfe6:fid,linear_uniform_stork4,cifar10,0,eval,499,linear,uniform,none,,stork4,6,6,12500,12500,fid,18.33904266357422,completed,ft_clock_solver_sensitivity
linear_uniform_stork4:ep499:nfe6:precision,linear_uniform_stork4,cifar10,0,eval,499,linear,uniform,none,,stork4,6,6,12500,12500,precision,0.6198999881744385,completed,ft_clock_solver_sensitivity
linear_uniform_stork4:ep499:nfe6:recall,linear_uniform_stork4,cifar10,0,eval,499,linear,uniform,none,,stork4,6,6,12500,12500,recall,0.5846999883651733,completed,ft_clock_solver_sensitivity
linear_uniform_stork4:ep499:nfe6:is_mean,linear_uniform_stork4,cifar10,0,eval,499,linear,uniform,none,,stork4,6,6,12500,12500,is_mean,7.924672603607178,completed,ft_clock_solver_sensitivity
linear_uniform_stork4:ep499:nfe6:is_std,linear_uniform_stork4,cifar10,0,eval,499,linear,uniform,none,,stork4,6,6,12500,12500,is_std,0.08918803930282593,completed,ft_clock_solver_sensitivity
linear_uniform_stork4:ep499:nfe8:fid,linear_uniform_stork4,cifar10,0,eval,499,linear,uniform,none,,stork4,8,8,12500,12500,fid,13.945527076721191,completed,ft_clock_solver_sensitivity
linear_uniform_stork4:ep499:nfe8:precision,linear_uniform_stork4,cifar10,0,eval,499,linear,uniform,none,,stork4,8,8,12500,12500,precision,0.6439999938011169,completed,ft_clock_solver_sensitivity
linear_uniform_stork4:ep499:nfe8:recall,linear_uniform_stork4,cifar10,0,eval,499,linear,uniform,none,,stork4,8,8,12500,12500,recall,0.6107999682426453,completed,ft_clock_solver_sensitivity
linear_uniform_stork4:ep499:nfe8:is_mean,linear_uniform_stork4,cifar10,0,eval,499,linear,uniform,none,,stork4,8,8,12500,12500,is_mean,8.171557426452637,completed,ft_clock_solver_sensitivity
linear_uniform_stork4:ep499:nfe8:is_std,linear_uniform_stork4,cifar10,0,eval,499,linear,uniform,none,,stork4,8,8,12500,12500,is_std,0.14432446658611298,completed,ft_clock_solver_sensitivity
linear_uniform_stork4:ep499:nfe10:fid,linear_uniform_stork4,cifar10,0,eval,499,linear,uniform,none,,stork4,10,10,12500,12500,fid,12.117046356201172,completed,ft_clock_solver_sensitivity
linear_uniform_stork4:ep499:nfe10:precision,linear_uniform_stork4,cifar10,0,eval,499,linear,uniform,none,,stork4,10,10,12500,12500,precision,0.6593999862670898,completed,ft_clock_solver_sensitivity
linear_uniform_stork4:ep499:nfe10:recall,linear_uniform_stork4,cifar10,0,eval,499,linear,uniform,none,,stork4,10,10,12500,12500,recall,0.6150999665260315,completed,ft_clock_solver_sensitivity
linear_uniform_stork4:ep499:nfe10:is_mean,linear_uniform_stork4,cifar10,0,eval,499,linear,uniform,none,,stork4,10,10,12500,12500,is_mean,8.246088027954102,completed,ft_clock_solver_sensitivity
linear_uniform_stork4:ep499:nfe10:is_std,linear_uniform_stork4,cifar10,0,eval,499,linear,uniform,none,,stork4,10,10,12500,12500,is_std,0.144741490483284,completed,ft_clock_solver_sensitivity
linear_uniform_stork4:ep499:nfe12:fid,linear_uniform_stork4,cifar10,0,eval,499,linear,uniform,none,,stork4,12,12,12500,12500,fid,11.075530052185059,completed,ft_clock_solver_sensitivity
linear_uniform_stork4:ep499:nfe12:precision,linear_uniform_stork4,cifar10,0,eval,499,linear,uniform,none,,stork4,12,12,12500,12500,precision,0.6660999655723572,completed,ft_clock_solver_sensitivity
linear_uniform_stork4:ep499:nfe12:recall,linear_uniform_stork4,cifar10,0,eval,499,linear,uniform,none,,stork4,12,12,12500,12500,recall,0.6240000128746033,completed,ft_clock_solver_sensitivity
linear_uniform_stork4:ep499:nfe12:is_mean,linear_uniform_stork4,cifar10,0,eval,499,linear,uniform,none,,stork4,12,12,12500,12500,is_mean,8.290411949157715,completed,ft_clock_solver_sensitivity
linear_uniform_stork4:ep499:nfe12:is_std,linear_uniform_stork4,cifar10,0,eval,499,linear,uniform,none,,stork4,12,12,12500,12500,is_std,0.16447344422340393,completed,ft_clock_solver_sensitivity
linear_uniform_stork4:ep499:nfe18:fid,linear_uniform_stork4,cifar10,0,eval,499,linear,uniform,none,,stork4,18,18,12500,12500,fid,9.357839584350586,completed,ft_clock_solver_sensitivity
linear_uniform_stork4:ep499:nfe18:precision,linear_uniform_stork4,cifar10,0,eval,499,linear,uniform,none,,stork4,18,18,12500,12500,precision,0.6887999773025513,completed,ft_clock_solver_sensitivity
linear_uniform_stork4:ep499:nfe18:recall,linear_uniform_stork4,cifar10,0,eval,499,linear,uniform,none,,stork4,18,18,12500,12500,recall,0.6396999955177307,completed,ft_clock_solver_sensitivity
linear_uniform_stork4:ep499:nfe18:is_mean,linear_uniform_stork4,cifar10,0,eval,499,linear,uniform,none,,stork4,18,18,12500,12500,is_mean,8.4156494140625,completed,ft_clock_solver_sensitivity
linear_uniform_stork4:ep499:nfe18:is_std,linear_uniform_stork4,cifar10,0,eval,499,linear,uniform,none,,stork4,18,18,12500,12500,is_std,0.15270686149597168,completed,ft_clock_solver_sensitivity
linear_uniform_stork4:ep499:nfe20:fid,linear_uniform_stork4,cifar10,0,eval,499,linear,uniform,none,,stork4,20,20,12500,12500,fid,9.003511428833008,completed,ft_clock_solver_sensitivity
linear_uniform_stork4:ep499:nfe20:precision,linear_uniform_stork4,cifar10,0,eval,499,linear,uniform,none,,stork4,20,20,12500,12500,precision,0.6891999840736389,completed,ft_clock_solver_sensitivity
linear_uniform_stork4:ep499:nfe20:recall,linear_uniform_stork4,cifar10,0,eval,499,linear,uniform,none,,stork4,20,20,12500,12500,recall,0.6412000060081482,completed,ft_clock_solver_sensitivity
linear_uniform_stork4:ep499:nfe20:is_mean,linear_uniform_stork4,cifar10,0,eval,499,linear,uniform,none,,stork4,20,20,12500,12500,is_mean,8.43982219696045,completed,ft_clock_solver_sensitivity
linear_uniform_stork4:ep499:nfe20:is_std,linear_uniform_stork4,cifar10,0,eval,499,linear,uniform,none,,stork4,20,20,12500,12500,is_std,0.14165666699409485,completed,ft_clock_solver_sensitivity
linear_uniform_stork4:ep499:nfe24:fid,linear_uniform_stork4,cifar10,0,eval,499,linear,uniform,none,,stork4,24,24,12500,12500,fid,8.454787254333496,completed,ft_clock_solver_sensitivity
linear_uniform_stork4:ep499:nfe24:precision,linear_uniform_stork4,cifar10,0,eval,499,linear,uniform,none,,stork4,24,24,12500,12500,precision,0.6929999589920044,completed,ft_clock_solver_sensitivity
linear_uniform_stork4:ep499:nfe24:recall,linear_uniform_stork4,cifar10,0,eval,499,linear,uniform,none,,stork4,24,24,12500,12500,recall,0.6469999551773071,completed,ft_clock_solver_sensitivity
linear_uniform_stork4:ep499:nfe24:is_mean,linear_uniform_stork4,cifar10,0,eval,499,linear,uniform,none,,stork4,24,24,12500,12500,is_mean,8.476846694946289,completed,ft_clock_solver_sensitivity
linear_uniform_stork4:ep499:nfe24:is_std,linear_uniform_stork4,cifar10,0,eval,499,linear,uniform,none,,stork4,24,24,12500,12500,is_std,0.13561904430389404,completed,ft_clock_solver_sensitivity
linear_uniform_stork4:ep499:nfe30:fid,linear_uniform_stork4,cifar10,0,eval,499,linear,uniform,none,,stork4,30,30,12500,12500,fid,7.894404411315918,completed,ft_clock_solver_sensitivity
linear_uniform_stork4:ep499:nfe30:precision,linear_uniform_stork4,cifar10,0,eval,499,linear,uniform,none,,stork4,30,30,12500,12500,precision,0.6958999633789062,completed,ft_clock_solver_sensitivity
linear_uniform_stork4:ep499:nfe30:recall,linear_uniform_stork4,cifar10,0,eval,499,linear,uniform,none,,stork4,30,30,12500,12500,recall,0.6553999781608582,completed,ft_clock_solver_sensitivity
linear_uniform_stork4:ep499:nfe30:is_mean,linear_uniform_stork4,cifar10,0,eval,499,linear,uniform,none,,stork4,30,30,12500,12500,is_mean,8.533307075500488,completed,ft_clock_solver_sensitivity
linear_uniform_stork4:ep499:nfe30:is_std,linear_uniform_stork4,cifar10,0,eval,499,linear,uniform,none,,stork4,30,30,12500,12500,is_std,0.12110960483551025,completed,ft_clock_solver_sensitivity
linear_uniform_stork4:ep499:nfe48:fid,linear_uniform_stork4,cifar10,0,eval,499,linear,uniform,none,,stork4,48,48,12500,12500,fid,7.074318885803223,completed,ft_clock_solver_sensitivity
linear_uniform_stork4:ep499:nfe48:precision,linear_uniform_stork4,cifar10,0,eval,499,linear,uniform,none,,stork4,48,48,12500,12500,precision,0.7039999961853027,completed,ft_clock_solver_sensitivity
linear_uniform_stork4:ep499:nfe48:recall,linear_uniform_stork4,cifar10,0,eval,499,linear,uniform,none,,stork4,48,48,12500,12500,recall,0.6588000059127808,completed,ft_clock_solver_sensitivity
linear_uniform_stork4:ep499:nfe48:is_mean,linear_uniform_stork4,cifar10,0,eval,499,linear,uniform,none,,stork4,48,48,12500,12500,is_mean,8.62372875213623,completed,ft_clock_solver_sensitivity
linear_uniform_stork4:ep499:nfe48:is_std,linear_uniform_stork4,cifar10,0,eval,499,linear,uniform,none,,stork4,48,48,12500,12500,is_std,0.1066218838095665,completed,ft_clock_solver_sensitivity
linear_uniform_stork4:ep499:nfe50:fid,linear_uniform_stork4,cifar10,0,eval,499,linear,uniform,none,,stork4,50,50,12500,12500,fid,7.029477119445801,completed,ft_clock_solver_sensitivity
linear_uniform_stork4:ep499:nfe50:precision,linear_uniform_stork4,cifar10,0,eval,499,linear,uniform,none,,stork4,50,50,12500,12500,precision,0.7055000066757202,completed,ft_clock_solver_sensitivity
linear_uniform_stork4:ep499:nfe50:recall,linear_uniform_stork4,cifar10,0,eval,499,linear,uniform,none,,stork4,50,50,12500,12500,recall,0.6563000082969666,completed,ft_clock_solver_sensitivity
linear_uniform_stork4:ep499:nfe50:is_mean,linear_uniform_stork4,cifar10,0,eval,499,linear,uniform,none,,stork4,50,50,12500,12500,is_mean,8.627680778503418,completed,ft_clock_solver_sensitivity
linear_uniform_stork4:ep499:nfe50:is_std,linear_uniform_stork4,cifar10,0,eval,499,linear,uniform,none,,stork4,50,50,12500,12500,is_std,0.104939304292202,completed,ft_clock_solver_sensitivity
linear_uniform_stork4:ep499:nfe96:fid,linear_uniform_stork4,cifar10,0,eval,499,linear,uniform,none,,stork4,96,96,12500,12500,fid,6.615762710571289,completed,ft_clock_solver_sensitivity
linear_uniform_stork4:ep499:nfe96:precision,linear_uniform_stork4,cifar10,0,eval,499,linear,uniform,none,,stork4,96,96,12500,12500,precision,0.7077999711036682,completed,ft_clock_solver_sensitivity
linear_uniform_stork4:ep499:nfe96:recall,linear_uniform_stork4,cifar10,0,eval,499,linear,uniform,none,,stork4,96,96,12500,12500,recall,0.6595999598503113,completed,ft_clock_solver_sensitivity
linear_uniform_stork4:ep499:nfe96:is_mean,linear_uniform_stork4,cifar10,0,eval,499,linear,uniform,none,,stork4,96,96,12500,12500,is_mean,8.703882217407227,completed,ft_clock_solver_sensitivity
linear_uniform_stork4:ep499:nfe96:is_std,linear_uniform_stork4,cifar10,0,eval,499,linear,uniform,none,,stork4,96,96,12500,12500,is_std,0.1103391945362091,completed,ft_clock_solver_sensitivity
linear_ft_beta_0_3_euler:ep499:nfe6:fid,linear_ft_beta_0_3_euler,cifar10,0,eval,499,linear,ft_linear_beta,beta,0.3,euler,6,6,12500,12500,fid,149.37660217285156,completed,ft_clock_solver_sensitivity
linear_ft_beta_0_3_euler:ep499:nfe6:precision,linear_ft_beta_0_3_euler,cifar10,0,eval,499,linear,ft_linear_beta,beta,0.3,euler,6,6,12500,12500,precision,0.23959998786449432,completed,ft_clock_solver_sensitivity
linear_ft_beta_0_3_euler:ep499:nfe6:recall,linear_ft_beta_0_3_euler,cifar10,0,eval,499,linear,ft_linear_beta,beta,0.3,euler,6,6,12500,12500,recall,0.12960000336170197,completed,ft_clock_solver_sensitivity
linear_ft_beta_0_3_euler:ep499:nfe6:is_mean,linear_ft_beta_0_3_euler,cifar10,0,eval,499,linear,ft_linear_beta,beta,0.3,euler,6,6,12500,12500,is_mean,3.7845470905303955,completed,ft_clock_solver_sensitivity
linear_ft_beta_0_3_euler:ep499:nfe6:is_std,linear_ft_beta_0_3_euler,cifar10,0,eval,499,linear,ft_linear_beta,beta,0.3,euler,6,6,12500,12500,is_std,0.04074651747941971,completed,ft_clock_solver_sensitivity
linear_ft_beta_0_3_euler:ep499:nfe12:fid,linear_ft_beta_0_3_euler,cifar10,0,eval,499,linear,ft_linear_beta,beta,0.3,euler,12,12,12500,12500,fid,86.11670684814453,completed,ft_clock_solver_sensitivity
linear_ft_beta_0_3_euler:ep499:nfe12:precision,linear_ft_beta_0_3_euler,cifar10,0,eval,499,linear,ft_linear_beta,beta,0.3,euler,12,12,12500,12500,precision,0.26759999990463257,completed,ft_clock_solver_sensitivity
linear_ft_beta_0_3_euler:ep499:nfe12:recall,linear_ft_beta_0_3_euler,cifar10,0,eval,499,linear,ft_linear_beta,beta,0.3,euler,12,12,12500,12500,recall,0.2595999836921692,completed,ft_clock_solver_sensitivity
linear_ft_beta_0_3_euler:ep499:nfe12:is_mean,linear_ft_beta_0_3_euler,cifar10,0,eval,499,linear,ft_linear_beta,beta,0.3,euler,12,12,12500,12500,is_mean,6.723866939544678,completed,ft_clock_solver_sensitivity
linear_ft_beta_0_3_euler:ep499:nfe12:is_std,linear_ft_beta_0_3_euler,cifar10,0,eval,499,linear,ft_linear_beta,beta,0.3,euler,12,12,12500,12500,is_std,0.10099595785140991,completed,ft_clock_solver_sensitivity
linear_ft_beta_0_3_euler:ep499:nfe18:fid,linear_ft_beta_0_3_euler,cifar10,0,eval,499,linear,ft_linear_beta,beta,0.3,euler,18,18,12500,12500,fid,62.548091888427734,completed,ft_clock_solver_sensitivity
linear_ft_beta_0_3_euler:ep499:nfe18:precision,linear_ft_beta_0_3_euler,cifar10,0,eval,499,linear,ft_linear_beta,beta,0.3,euler,18,18,12500,12500,precision,0.3155999779701233,completed,ft_clock_solver_sensitivity
linear_ft_beta_0_3_euler:ep499:nfe18:recall,linear_ft_beta_0_3_euler,cifar10,0,eval,499,linear,ft_linear_beta,beta,0.3,euler,18,18,12500,12500,recall,0.3481999933719635,completed,ft_clock_solver_sensitivity
linear_ft_beta_0_3_euler:ep499:nfe18:is_mean,linear_ft_beta_0_3_euler,cifar10,0,eval,499,linear,ft_linear_beta,beta,0.3,euler,18,18,12500,12500,is_mean,7.992628574371338,completed,ft_clock_solver_sensitivity
linear_ft_beta_0_3_euler:ep499:nfe18:is_std,linear_ft_beta_0_3_euler,cifar10,0,eval,499,linear,ft_linear_beta,beta,0.3,euler,18,18,12500,12500,is_std,0.10881668329238892,completed,ft_clock_solver_sensitivity
linear_ft_beta_0_3_euler:ep499:nfe24:fid,linear_ft_beta_0_3_euler,cifar10,0,eval,499,linear,ft_linear_beta,beta,0.3,euler,24,24,12500,12500,fid,49.295040130615234,completed,ft_clock_solver_sensitivity
linear_ft_beta_0_3_euler:ep499:nfe24:precision,linear_ft_beta_0_3_euler,cifar10,0,eval,499,linear,ft_linear_beta,beta,0.3,euler,24,24,12500,12500,precision,0.36890000104904175,completed,ft_clock_solver_sensitivity
linear_ft_beta_0_3_euler:ep499:nfe24:recall,linear_ft_beta_0_3_euler,cifar10,0,eval,499,linear,ft_linear_beta,beta,0.3,euler,24,24,12500,12500,recall,0.4177999794483185,completed,ft_clock_solver_sensitivity
linear_ft_beta_0_3_euler:ep499:nfe24:is_mean,linear_ft_beta_0_3_euler,cifar10,0,eval,499,linear,ft_linear_beta,beta,0.3,euler,24,24,12500,12500,is_mean,8.567532539367676,completed,ft_clock_solver_sensitivity
linear_ft_beta_0_3_euler:ep499:nfe24:is_std,linear_ft_beta_0_3_euler,cifar10,0,eval,499,linear,ft_linear_beta,beta,0.3,euler,24,24,12500,12500,is_std,0.10808206349611282,completed,ft_clock_solver_sensitivity
linear_ft_beta_0_3_euler:ep499:nfe30:fid,linear_ft_beta_0_3_euler,cifar10,0,eval,499,linear,ft_linear_beta,beta,0.3,euler,30,30,12500,12500,fid,40.50666046142578,completed,ft_clock_solver_sensitivity
linear_ft_beta_0_3_euler:ep499:nfe30:precision,linear_ft_beta_0_3_euler,cifar10,0,eval,499,linear,ft_linear_beta,beta,0.3,euler,30,30,12500,12500,precision,0.41290000081062317,completed,ft_clock_solver_sensitivity
linear_ft_beta_0_3_euler:ep499:nfe30:recall,linear_ft_beta_0_3_euler,cifar10,0,eval,499,linear,ft_linear_beta,beta,0.3,euler,30,30,12500,12500,recall,0.46320000290870667,completed,ft_clock_solver_sensitivity
linear_ft_beta_0_3_euler:ep499:nfe30:is_mean,linear_ft_beta_0_3_euler,cifar10,0,eval,499,linear,ft_linear_beta,beta,0.3,euler,30,30,12500,12500,is_mean,8.887170791625977,completed,ft_clock_solver_sensitivity
linear_ft_beta_0_3_euler:ep499:nfe30:is_std,linear_ft_beta_0_3_euler,cifar10,0,eval,499,linear,ft_linear_beta,beta,0.3,euler,30,30,12500,12500,is_std,0.1136997789144516,completed,ft_clock_solver_sensitivity
linear_ft_beta_0_3_euler:ep499:nfe48:fid,linear_ft_beta_0_3_euler,cifar10,0,eval,499,linear,ft_linear_beta,beta,0.3,euler,48,48,12500,12500,fid,25.415483474731445,completed,ft_clock_solver_sensitivity
linear_ft_beta_0_3_euler:ep499:nfe48:precision,linear_ft_beta_0_3_euler,cifar10,0,eval,499,linear,ft_linear_beta,beta,0.3,euler,48,48,12500,12500,precision,0.511900007724762,completed,ft_clock_solver_sensitivity
linear_ft_beta_0_3_euler:ep499:nfe48:recall,linear_ft_beta_0_3_euler,cifar10,0,eval,499,linear,ft_linear_beta,beta,0.3,euler,48,48,12500,12500,recall,0.5600999593734741,completed,ft_clock_solver_sensitivity
linear_ft_beta_0_3_euler:ep499:nfe48:is_mean,linear_ft_beta_0_3_euler,cifar10,0,eval,499,linear,ft_linear_beta,beta,0.3,euler,48,48,12500,12500,is_mean,9.214367866516113,completed,ft_clock_solver_sensitivity
linear_ft_beta_0_3_euler:ep499:nfe48:is_std,linear_ft_beta_0_3_euler,cifar10,0,eval,499,linear,ft_linear_beta,beta,0.3,euler,48,48,12500,12500,is_std,0.11006931960582733,completed,ft_clock_solver_sensitivity
linear_ft_beta_0_3_euler:ep499:nfe96:fid,linear_ft_beta_0_3_euler,cifar10,0,eval,499,linear,ft_linear_beta,beta,0.3,euler,96,96,12500,12500,fid,11.361178398132324,completed,ft_clock_solver_sensitivity
linear_ft_beta_0_3_euler:ep499:nfe96:precision,linear_ft_beta_0_3_euler,cifar10,0,eval,499,linear,ft_linear_beta,beta,0.3,euler,96,96,12500,12500,precision,0.6078999638557434,completed,ft_clock_solver_sensitivity
linear_ft_beta_0_3_euler:ep499:nfe96:recall,linear_ft_beta_0_3_euler,cifar10,0,eval,499,linear,ft_linear_beta,beta,0.3,euler,96,96,12500,12500,recall,0.6545000076293945,completed,ft_clock_solver_sensitivity
linear_ft_beta_0_3_euler:ep499:nfe96:is_mean,linear_ft_beta_0_3_euler,cifar10,0,eval,499,linear,ft_linear_beta,beta,0.3,euler,96,96,12500,12500,is_mean,9.257745742797852,completed,ft_clock_solver_sensitivity
linear_ft_beta_0_3_euler:ep499:nfe96:is_std,linear_ft_beta_0_3_euler,cifar10,0,eval,499,linear,ft_linear_beta,beta,0.3,euler,96,96,12500,12500,is_std,0.10611596703529358,completed,ft_clock_solver_sensitivity
linear_ft_beta_0_3_heun2:ep499:nfe6:fid,linear_ft_beta_0_3_heun2,cifar10,0,eval,499,linear,ft_linear_beta,beta,0.3,heun2,6,3,12500,12500,fid,59.038143157958984,completed,ft_clock_solver_sensitivity
linear_ft_beta_0_3_heun2:ep499:nfe6:precision,linear_ft_beta_0_3_heun2,cifar10,0,eval,499,linear,ft_linear_beta,beta,0.3,heun2,6,3,12500,12500,precision,0.4684000015258789,completed,ft_clock_solver_sensitivity
linear_ft_beta_0_3_heun2:ep499:nfe6:recall,linear_ft_beta_0_3_heun2,cifar10,0,eval,499,linear,ft_linear_beta,beta,0.3,heun2,6,3,12500,12500,recall,0.38979998230934143,completed,ft_clock_solver_sensitivity
linear_ft_beta_0_3_heun2:ep499:nfe6:is_mean,linear_ft_beta_0_3_heun2,cifar10,0,eval,499,linear,ft_linear_beta,beta,0.3,heun2,6,3,12500,12500,is_mean,7.206908702850342,completed,ft_clock_solver_sensitivity
linear_ft_beta_0_3_heun2:ep499:nfe6:is_std,linear_ft_beta_0_3_heun2,cifar10,0,eval,499,linear,ft_linear_beta,beta,0.3,heun2,6,3,12500,12500,is_std,0.07549624145030975,completed,ft_clock_solver_sensitivity
linear_ft_beta_0_3_heun2:ep499:nfe12:fid,linear_ft_beta_0_3_heun2,cifar10,0,eval,499,linear,ft_linear_beta,beta,0.3,heun2,12,6,12500,12500,fid,8.454256057739258,completed,ft_clock_solver_sensitivity
linear_ft_beta_0_3_heun2:ep499:nfe12:precision,linear_ft_beta_0_3_heun2,cifar10,0,eval,499,linear,ft_linear_beta,beta,0.3,heun2,12,6,12500,12500,precision,0.6642000079154968,completed,ft_clock_solver_sensitivity
linear_ft_beta_0_3_heun2:ep499:nfe12:recall,linear_ft_beta_0_3_heun2,cifar10,0,eval,499,linear,ft_linear_beta,beta,0.3,heun2,12,6,12500,12500,recall,0.6513000130653381,completed,ft_clock_solver_sensitivity
linear_ft_beta_0_3_heun2:ep499:nfe12:is_mean,linear_ft_beta_0_3_heun2,cifar10,0,eval,499,linear,ft_linear_beta,beta,0.3,heun2,12,6,12500,12500,is_mean,8.631016731262207,completed,ft_clock_solver_sensitivity
linear_ft_beta_0_3_heun2:ep499:nfe12:is_std,linear_ft_beta_0_3_heun2,cifar10,0,eval,499,linear,ft_linear_beta,beta,0.3,heun2,12,6,12500,12500,is_std,0.09699980169534683,completed,ft_clock_solver_sensitivity
linear_ft_beta_0_3_heun2:ep499:nfe18:fid,linear_ft_beta_0_3_heun2,cifar10,0,eval,499,linear,ft_linear_beta,beta,0.3,heun2,18,9,12500,12500,fid,7.762441158294678,completed,ft_clock_solver_sensitivity
linear_ft_beta_0_3_heun2:ep499:nfe18:precision,linear_ft_beta_0_3_heun2,cifar10,0,eval,499,linear,ft_linear_beta,beta,0.3,heun2,18,9,12500,12500,precision,0.6761999726295471,completed,ft_clock_solver_sensitivity
linear_ft_beta_0_3_heun2:ep499:nfe18:recall,linear_ft_beta_0_3_heun2,cifar10,0,eval,499,linear,ft_linear_beta,beta,0.3,heun2,18,9,12500,12500,recall,0.6581999659538269,completed,ft_clock_solver_sensitivity
linear_ft_beta_0_3_heun2:ep499:nfe18:is_mean,linear_ft_beta_0_3_heun2,cifar10,0,eval,499,linear,ft_linear_beta,beta,0.3,heun2,18,9,12500,12500,is_mean,8.612896919250488,completed,ft_clock_solver_sensitivity
linear_ft_beta_0_3_heun2:ep499:nfe18:is_std,linear_ft_beta_0_3_heun2,cifar10,0,eval,499,linear,ft_linear_beta,beta,0.3,heun2,18,9,12500,12500,is_std,0.08720007538795471,completed,ft_clock_solver_sensitivity
linear_ft_beta_0_3_heun2:ep499:nfe24:fid,linear_ft_beta_0_3_heun2,cifar10,0,eval,499,linear,ft_linear_beta,beta,0.3,heun2,24,12,12500,12500,fid,7.410668849945068,completed,ft_clock_solver_sensitivity
linear_ft_beta_0_3_heun2:ep499:nfe24:precision,linear_ft_beta_0_3_heun2,cifar10,0,eval,499,linear,ft_linear_beta,beta,0.3,heun2,24,12,12500,12500,precision,0.6722999811172485,completed,ft_clock_solver_sensitivity
linear_ft_beta_0_3_heun2:ep499:nfe24:recall,linear_ft_beta_0_3_heun2,cifar10,0,eval,499,linear,ft_linear_beta,beta,0.3,heun2,24,12,12500,12500,recall,0.6685999631881714,completed,ft_clock_solver_sensitivity
linear_ft_beta_0_3_heun2:ep499:nfe24:is_mean,linear_ft_beta_0_3_heun2,cifar10,0,eval,499,linear,ft_linear_beta,beta,0.3,heun2,24,12,12500,12500,is_mean,8.692526817321777,completed,ft_clock_solver_sensitivity
linear_ft_beta_0_3_heun2:ep499:nfe24:is_std,linear_ft_beta_0_3_heun2,cifar10,0,eval,499,linear,ft_linear_beta,beta,0.3,heun2,24,12,12500,12500,is_std,0.10452917963266373,completed,ft_clock_solver_sensitivity
linear_ft_beta_0_3_heun2:ep499:nfe30:fid,linear_ft_beta_0_3_heun2,cifar10,0,eval,499,linear,ft_linear_beta,beta,0.3,heun2,30,15,12500,12500,fid,7.131396770477295,completed,ft_clock_solver_sensitivity
linear_ft_beta_0_3_heun2:ep499:nfe30:precision,linear_ft_beta_0_3_heun2,cifar10,0,eval,499,linear,ft_linear_beta,beta,0.3,heun2,30,15,12500,12500,precision,0.6768999695777893,completed,ft_clock_solver_sensitivity
linear_ft_beta_0_3_heun2:ep499:nfe30:recall,linear_ft_beta_0_3_heun2,cifar10,0,eval,499,linear,ft_linear_beta,beta,0.3,heun2,30,15,12500,12500,recall,0.6705999970436096,completed,ft_clock_solver_sensitivity
linear_ft_beta_0_3_heun2:ep499:nfe30:is_mean,linear_ft_beta_0_3_heun2,cifar10,0,eval,499,linear,ft_linear_beta,beta,0.3,heun2,30,15,12500,12500,is_mean,8.75178050994873,completed,ft_clock_solver_sensitivity
linear_ft_beta_0_3_heun2:ep499:nfe30:is_std,linear_ft_beta_0_3_heun2,cifar10,0,eval,499,linear,ft_linear_beta,beta,0.3,heun2,30,15,12500,12500,is_std,0.08676960319280624,completed,ft_clock_solver_sensitivity
linear_ft_beta_0_3_heun2:ep499:nfe48:fid,linear_ft_beta_0_3_heun2,cifar10,0,eval,499,linear,ft_linear_beta,beta,0.3,heun2,48,24,12500,12500,fid,6.792900562286377,completed,ft_clock_solver_sensitivity
linear_ft_beta_0_3_heun2:ep499:nfe48:precision,linear_ft_beta_0_3_heun2,cifar10,0,eval,499,linear,ft_linear_beta,beta,0.3,heun2,48,24,12500,12500,precision,0.6715999841690063,completed,ft_clock_solver_sensitivity
linear_ft_beta_0_3_heun2:ep499:nfe48:recall,linear_ft_beta_0_3_heun2,cifar10,0,eval,499,linear,ft_linear_beta,beta,0.3,heun2,48,24,12500,12500,recall,0.6744999885559082,completed,ft_clock_solver_sensitivity
linear_ft_beta_0_3_heun2:ep499:nfe48:is_mean,linear_ft_beta_0_3_heun2,cifar10,0,eval,499,linear,ft_linear_beta,beta,0.3,heun2,48,24,12500,12500,is_mean,8.888279914855957,completed,ft_clock_solver_sensitivity
linear_ft_beta_0_3_heun2:ep499:nfe48:is_std,linear_ft_beta_0_3_heun2,cifar10,0,eval,499,linear,ft_linear_beta,beta,0.3,heun2,48,24,12500,12500,is_std,0.0838242769241333,completed,ft_clock_solver_sensitivity
linear_ft_beta_0_3_heun2:ep499:nfe96:fid,linear_ft_beta_0_3_heun2,cifar10,0,eval,499,linear,ft_linear_beta,beta,0.3,heun2,96,48,12500,12500,fid,7.175995349884033,completed,ft_clock_solver_sensitivity
linear_ft_beta_0_3_heun2:ep499:nfe96:precision,linear_ft_beta_0_3_heun2,cifar10,0,eval,499,linear,ft_linear_beta,beta,0.3,heun2,96,48,12500,12500,precision,0.6527000069618225,completed,ft_clock_solver_sensitivity
linear_ft_beta_0_3_heun2:ep499:nfe96:recall,linear_ft_beta_0_3_heun2,cifar10,0,eval,499,linear,ft_linear_beta,beta,0.3,heun2,96,48,12500,12500,recall,0.6771999597549438,completed,ft_clock_solver_sensitivity
linear_ft_beta_0_3_heun2:ep499:nfe96:is_mean,linear_ft_beta_0_3_heun2,cifar10,0,eval,499,linear,ft_linear_beta,beta,0.3,heun2,96,48,12500,12500,is_mean,9.058011054992676,completed,ft_clock_solver_sensitivity
linear_ft_beta_0_3_heun2:ep499:nfe96:is_std,linear_ft_beta_0_3_heun2,cifar10,0,eval,499,linear,ft_linear_beta,beta,0.3,heun2,96,48,12500,12500,is_std,0.10313410311937332,completed,ft_clock_solver_sensitivity
linear_ft_beta_0_3_rk3:ep499:nfe6:fid,linear_ft_beta_0_3_rk3,cifar10,0,eval,499,linear,ft_linear_beta,beta,0.3,rk3,6,2,12500,12500,fid,210.75576782226562,completed,ft_clock_solver_sensitivity
linear_ft_beta_0_3_rk3:ep499:nfe6:precision,linear_ft_beta_0_3_rk3,cifar10,0,eval,499,linear,ft_linear_beta,beta,0.3,rk3,6,2,12500,12500,precision,0.03449999913573265,completed,ft_clock_solver_sensitivity
linear_ft_beta_0_3_rk3:ep499:nfe6:recall,linear_ft_beta_0_3_rk3,cifar10,0,eval,499,linear,ft_linear_beta,beta,0.3,rk3,6,2,12500,12500,recall,0.004799999762326479,completed,ft_clock_solver_sensitivity
linear_ft_beta_0_3_rk3:ep499:nfe6:is_mean,linear_ft_beta_0_3_rk3,cifar10,0,eval,499,linear,ft_linear_beta,beta,0.3,rk3,6,2,12500,12500,is_mean,2.8660285472869873,completed,ft_clock_solver_sensitivity
linear_ft_beta_0_3_rk3:ep499:nfe6:is_std,linear_ft_beta_0_3_rk3,cifar10,0,eval,499,linear,ft_linear_beta,beta,0.3,rk3,6,2,12500,12500,is_std,0.023269709199666977,completed,ft_clock_solver_sensitivity
linear_ft_beta_0_3_rk3:ep499:nfe12:fid,linear_ft_beta_0_3_rk3,cifar10,0,eval,499,linear,ft_linear_beta,beta,0.3,rk3,12,4,12500,12500,fid,138.1098175048828,completed,ft_clock_solver_sensitivity
linear_ft_beta_0_3_rk3:ep499:nfe12:precision,linear_ft_beta_0_3_rk3,cifar10,0,eval,499,linear,ft_linear_beta,beta,0.3,rk3,12,4,12500,12500,precision,0.08760000020265579,completed,ft_clock_solver_sensitivity
linear_ft_beta_0_3_rk3:ep499:nfe12:recall,linear_ft_beta_0_3_rk3,cifar10,0,eval,499,linear,ft_linear_beta,beta,0.3,rk3,12,4,12500,12500,recall,0.10920000076293945,completed,ft_clock_solver_sensitivity
linear_ft_beta_0_3_rk3:ep499:nfe12:is_mean,linear_ft_beta_0_3_rk3,cifar10,0,eval,499,linear,ft_linear_beta,beta,0.3,rk3,12,4,12500,12500,is_mean,5.160411357879639,completed,ft_clock_solver_sensitivity
linear_ft_beta_0_3_rk3:ep499:nfe12:is_std,linear_ft_beta_0_3_rk3,cifar10,0,eval,499,linear,ft_linear_beta,beta,0.3,rk3,12,4,12500,12500,is_std,0.07157532125711441,completed,ft_clock_solver_sensitivity
linear_ft_beta_0_3_rk3:ep499:nfe18:fid,linear_ft_beta_0_3_rk3,cifar10,0,eval,499,linear,ft_linear_beta,beta,0.3,rk3,18,6,12500,12500,fid,104.60391235351562,completed,ft_clock_solver_sensitivity
linear_ft_beta_0_3_rk3:ep499:nfe18:precision,linear_ft_beta_0_3_rk3,cifar10,0,eval,499,linear,ft_linear_beta,beta,0.3,rk3,18,6,12500,12500,precision,0.13050000369548798,completed,ft_clock_solver_sensitivity
linear_ft_beta_0_3_rk3:ep499:nfe18:recall,linear_ft_beta_0_3_rk3,cifar10,0,eval,499,linear,ft_linear_beta,beta,0.3,rk3,18,6,12500,12500,recall,0.35599997639656067,completed,ft_clock_solver_sensitivity
linear_ft_beta_0_3_rk3:ep499:nfe18:is_mean,linear_ft_beta_0_3_rk3,cifar10,0,eval,499,linear,ft_linear_beta,beta,0.3,rk3,18,6,12500,12500,is_mean,6.623939514160156,completed,ft_clock_solver_sensitivity
linear_ft_beta_0_3_rk3:ep499:nfe18:is_std,linear_ft_beta_0_3_rk3,cifar10,0,eval,499,linear,ft_linear_beta,beta,0.3,rk3,18,6,12500,12500,is_std,0.09725669771432877,completed,ft_clock_solver_sensitivity
linear_ft_beta_0_3_rk3:ep499:nfe24:fid,linear_ft_beta_0_3_rk3,cifar10,0,eval,499,linear,ft_linear_beta,beta,0.3,rk3,24,8,12500,12500,fid,81.09134674072266,completed,ft_clock_solver_sensitivity
linear_ft_beta_0_3_rk3:ep499:nfe24:precision,linear_ft_beta_0_3_rk3,cifar10,0,eval,499,linear,ft_linear_beta,beta,0.3,rk3,24,8,12500,12500,precision,0.18719999492168427,completed,ft_clock_solver_sensitivity
linear_ft_beta_0_3_rk3:ep499:nfe24:recall,linear_ft_beta_0_3_rk3,cifar10,0,eval,499,linear,ft_linear_beta,beta,0.3,rk3,24,8,12500,12500,recall,0.46399998664855957,completed,ft_clock_solver_sensitivity
linear_ft_beta_0_3_rk3:ep499:nfe24:is_mean,linear_ft_beta_0_3_rk3,cifar10,0,eval,499,linear,ft_linear_beta,beta,0.3,rk3,24,8,12500,12500,is_mean,7.708286285400391,completed,ft_clock_solver_sensitivity
linear_ft_beta_0_3_rk3:ep499:nfe24:is_std,linear_ft_beta_0_3_rk3,cifar10,0,eval,499,linear,ft_linear_beta,beta,0.3,rk3,24,8,12500,12500,is_std,0.12674754858016968,completed,ft_clock_solver_sensitivity
linear_ft_beta_0_3_rk3:ep499:nfe30:fid,linear_ft_beta_0_3_rk3,cifar10,0,eval,499,linear,ft_linear_beta,beta,0.3,rk3,30,10,12500,12500,fid,65.24466705322266,completed,ft_clock_solver_sensitivity
linear_ft_beta_0_3_rk3:ep499:nfe30:precision,linear_ft_beta_0_3_rk3,cifar10,0,eval,499,linear,ft_linear_beta,beta,0.3,rk3,30,10,12500,12500,precision,0.24609999358654022,completed,ft_clock_solver_sensitivity
linear_ft_beta_0_3_rk3:ep499:nfe30:recall,linear_ft_beta_0_3_rk3,cifar10,0,eval,499,linear,ft_linear_beta,beta,0.3,rk3,30,10,12500,12500,recall,0.5400999784469604,completed,ft_clock_solver_sensitivity
linear_ft_beta_0_3_rk3:ep499:nfe30:is_mean,linear_ft_beta_0_3_rk3,cifar10,0,eval,499,linear,ft_linear_beta,beta,0.3,rk3,30,10,12500,12500,is_mean,8.379003524780273,completed,ft_clock_solver_sensitivity
linear_ft_beta_0_3_rk3:ep499:nfe30:is_std,linear_ft_beta_0_3_rk3,cifar10,0,eval,499,linear,ft_linear_beta,beta,0.3,rk3,30,10,12500,12500,is_std,0.15453249216079712,completed,ft_clock_solver_sensitivity
linear_ft_beta_0_3_rk3:ep499:nfe48:fid,linear_ft_beta_0_3_rk3,cifar10,0,eval,499,linear,ft_linear_beta,beta,0.3,rk3,48,16,12500,12500,fid,39.204734802246094,completed,ft_clock_solver_sensitivity
linear_ft_beta_0_3_rk3:ep499:nfe48:precision,linear_ft_beta_0_3_rk3,cifar10,0,eval,499,linear,ft_linear_beta,beta,0.3,rk3,48,16,12500,12500,precision,0.375,completed,ft_clock_solver_sensitivity
linear_ft_beta_0_3_rk3:ep499:nfe48:recall,linear_ft_beta_0_3_rk3,cifar10,0,eval,499,linear,ft_linear_beta,beta,0.3,rk3,48,16,12500,12500,recall,0.6042999625205994,completed,ft_clock_solver_sensitivity
linear_ft_beta_0_3_rk3:ep499:nfe48:is_mean,linear_ft_beta_0_3_rk3,cifar10,0,eval,499,linear,ft_linear_beta,beta,0.3,rk3,48,16,12500,12500,is_mean,9.19150447845459,completed,ft_clock_solver_sensitivity
linear_ft_beta_0_3_rk3:ep499:nfe48:is_std,linear_ft_beta_0_3_rk3,cifar10,0,eval,499,linear,ft_linear_beta,beta,0.3,rk3,48,16,12500,12500,is_std,0.128147155046463,completed,ft_clock_solver_sensitivity
linear_ft_beta_0_3_rk3:ep499:nfe96:fid,linear_ft_beta_0_3_rk3,cifar10,0,eval,499,linear,ft_linear_beta,beta,0.3,rk3,96,32,12500,12500,fid,17.647615432739258,completed,ft_clock_solver_sensitivity
linear_ft_beta_0_3_rk3:ep499:nfe96:precision,linear_ft_beta_0_3_rk3,cifar10,0,eval,499,linear,ft_linear_beta,beta,0.3,rk3,96,32,12500,12500,precision,0.545799970626831,completed,ft_clock_solver_sensitivity
linear_ft_beta_0_3_rk3:ep499:nfe96:recall,linear_ft_beta_0_3_rk3,cifar10,0,eval,499,linear,ft_linear_beta,beta,0.3,rk3,96,32,12500,12500,recall,0.6272000074386597,completed,ft_clock_solver_sensitivity
linear_ft_beta_0_3_rk3:ep499:nfe96:is_mean,linear_ft_beta_0_3_rk3,cifar10,0,eval,499,linear,ft_linear_beta,beta,0.3,rk3,96,32,12500,12500,is_mean,9.387194633483887,completed,ft_clock_solver_sensitivity
linear_ft_beta_0_3_rk3:ep499:nfe96:is_std,linear_ft_beta_0_3_rk3,cifar10,0,eval,499,linear,ft_linear_beta,beta,0.3,rk3,96,32,12500,12500,is_std,0.12486033886671066,completed,ft_clock_solver_sensitivity
linear_ft_beta_0_3_stork4:ep499:nfe6:fid,linear_ft_beta_0_3_stork4,cifar10,0,eval,499,linear,ft_linear_beta,beta,0.3,stork4,6,6,12500,12500,fid,86.26258087158203,completed,ft_clock_solver_sensitivity
linear_ft_beta_0_3_stork4:ep499:nfe6:precision,linear_ft_beta_0_3_stork4,cifar10,0,eval,499,linear,ft_linear_beta,beta,0.3,stork4,6,6,12500,12500,precision,0.2442999929189682,completed,ft_clock_solver_sensitivity
linear_ft_beta_0_3_stork4:ep499:nfe6:recall,linear_ft_beta_0_3_stork4,cifar10,0,eval,499,linear,ft_linear_beta,beta,0.3,stork4,6,6,12500,12500,recall,0.24449999630451202,completed,ft_clock_solver_sensitivity
linear_ft_beta_0_3_stork4:ep499:nfe6:is_mean,linear_ft_beta_0_3_stork4,cifar10,0,eval,499,linear,ft_linear_beta,beta,0.3,stork4,6,6,12500,12500,is_mean,6.849792003631592,completed,ft_clock_solver_sensitivity
linear_ft_beta_0_3_stork4:ep499:nfe6:is_std,linear_ft_beta_0_3_stork4,cifar10,0,eval,499,linear,ft_linear_beta,beta,0.3,stork4,6,6,12500,12500,is_std,0.08664219081401825,completed,ft_clock_solver_sensitivity
linear_ft_beta_0_3_stork4:ep499:nfe8:fid,linear_ft_beta_0_3_stork4,cifar10,0,eval,499,linear,ft_linear_beta,beta,0.3,stork4,8,8,12500,12500,fid,64.3828125,completed,ft_clock_solver_sensitivity
linear_ft_beta_0_3_stork4:ep499:nfe8:precision,linear_ft_beta_0_3_stork4,cifar10,0,eval,499,linear,ft_linear_beta,beta,0.3,stork4,8,8,12500,12500,precision,0.28949999809265137,completed,ft_clock_solver_sensitivity
linear_ft_beta_0_3_stork4:ep499:nfe8:recall,linear_ft_beta_0_3_stork4,cifar10,0,eval,499,linear,ft_linear_beta,beta,0.3,stork4,8,8,12500,12500,recall,0.33390000462532043,completed,ft_clock_solver_sensitivity
linear_ft_beta_0_3_stork4:ep499:nfe8:is_mean,linear_ft_beta_0_3_stork4,cifar10,0,eval,499,linear,ft_linear_beta,beta,0.3,stork4,8,8,12500,12500,is_mean,8.049760818481445,completed,ft_clock_solver_sensitivity
linear_ft_beta_0_3_stork4:ep499:nfe8:is_std,linear_ft_beta_0_3_stork4,cifar10,0,eval,499,linear,ft_linear_beta,beta,0.3,stork4,8,8,12500,12500,is_std,0.10955660045146942,completed,ft_clock_solver_sensitivity
linear_ft_beta_0_3_stork4:ep499:nfe10:fid,linear_ft_beta_0_3_stork4,cifar10,0,eval,499,linear,ft_linear_beta,beta,0.3,stork4,10,10,12500,12500,fid,51.627235412597656,completed,ft_clock_solver_sensitivity
linear_ft_beta_0_3_stork4:ep499:nfe10:precision,linear_ft_beta_0_3_stork4,cifar10,0,eval,499,linear,ft_linear_beta,beta,0.3,stork4,10,10,12500,12500,precision,0.33409997820854187,completed,ft_clock_solver_sensitivity
linear_ft_beta_0_3_stork4:ep499:nfe10:recall,linear_ft_beta_0_3_stork4,cifar10,0,eval,499,linear,ft_linear_beta,beta,0.3,stork4,10,10,12500,12500,recall,0.40139999985694885,completed,ft_clock_solver_sensitivity
linear_ft_beta_0_3_stork4:ep499:nfe10:is_mean,linear_ft_beta_0_3_stork4,cifar10,0,eval,499,linear,ft_linear_beta,beta,0.3,stork4,10,10,12500,12500,is_mean,8.629993438720703,completed,ft_clock_solver_sensitivity
linear_ft_beta_0_3_stork4:ep499:nfe10:is_std,linear_ft_beta_0_3_stork4,cifar10,0,eval,499,linear,ft_linear_beta,beta,0.3,stork4,10,10,12500,12500,is_std,0.10475332289934158,completed,ft_clock_solver_sensitivity
linear_ft_beta_0_3_stork4:ep499:nfe12:fid,linear_ft_beta_0_3_stork4,cifar10,0,eval,499,linear,ft_linear_beta,beta,0.3,stork4,12,12,12500,12500,fid,42.82603454589844,completed,ft_clock_solver_sensitivity
linear_ft_beta_0_3_stork4:ep499:nfe12:precision,linear_ft_beta_0_3_stork4,cifar10,0,eval,499,linear,ft_linear_beta,beta,0.3,stork4,12,12,12500,12500,precision,0.3840999901294708,completed,ft_clock_solver_sensitivity
linear_ft_beta_0_3_stork4:ep499:nfe12:recall,linear_ft_beta_0_3_stork4,cifar10,0,eval,499,linear,ft_linear_beta,beta,0.3,stork4,12,12,12500,12500,recall,0.4438000023365021,completed,ft_clock_solver_sensitivity
linear_ft_beta_0_3_stork4:ep499:nfe12:is_mean,linear_ft_beta_0_3_stork4,cifar10,0,eval,499,linear,ft_linear_beta,beta,0.3,stork4,12,12,12500,12500,is_mean,8.963749885559082,completed,ft_clock_solver_sensitivity
linear_ft_beta_0_3_stork4:ep499:nfe12:is_std,linear_ft_beta_0_3_stork4,cifar10,0,eval,499,linear,ft_linear_beta,beta,0.3,stork4,12,12,12500,12500,is_std,0.09885801374912262,completed,ft_clock_solver_sensitivity
linear_ft_beta_0_3_stork4:ep499:nfe18:fid,linear_ft_beta_0_3_stork4,cifar10,0,eval,499,linear,ft_linear_beta,beta,0.3,stork4,18,18,12500,12500,fid,27.19258689880371,completed,ft_clock_solver_sensitivity
linear_ft_beta_0_3_stork4:ep499:nfe18:precision,linear_ft_beta_0_3_stork4,cifar10,0,eval,499,linear,ft_linear_beta,beta,0.3,stork4,18,18,12500,12500,precision,0.4869000017642975,completed,ft_clock_solver_sensitivity
linear_ft_beta_0_3_stork4:ep499:nfe18:recall,linear_ft_beta_0_3_stork4,cifar10,0,eval,499,linear,ft_linear_beta,beta,0.3,stork4,18,18,12500,12500,recall,0.540399968624115,completed,ft_clock_solver_sensitivity
linear_ft_beta_0_3_stork4:ep499:nfe18:is_mean,linear_ft_beta_0_3_stork4,cifar10,0,eval,499,linear,ft_linear_beta,beta,0.3,stork4,18,18,12500,12500,is_mean,9.321539878845215,completed,ft_clock_solver_sensitivity
linear_ft_beta_0_3_stork4:ep499:nfe18:is_std,linear_ft_beta_0_3_stork4,cifar10,0,eval,499,linear,ft_linear_beta,beta,0.3,stork4,18,18,12500,12500,is_std,0.09193748235702515,completed,ft_clock_solver_sensitivity
linear_ft_beta_0_3_stork4:ep499:nfe20:fid,linear_ft_beta_0_3_stork4,cifar10,0,eval,499,linear,ft_linear_beta,beta,0.3,stork4,20,20,12500,12500,fid,23.704431533813477,completed,ft_clock_solver_sensitivity
linear_ft_beta_0_3_stork4:ep499:nfe20:precision,linear_ft_beta_0_3_stork4,cifar10,0,eval,499,linear,ft_linear_beta,beta,0.3,stork4,20,20,12500,12500,precision,0.5116999745368958,completed,ft_clock_solver_sensitivity
linear_ft_beta_0_3_stork4:ep499:nfe20:recall,linear_ft_beta_0_3_stork4,cifar10,0,eval,499,linear,ft_linear_beta,beta,0.3,stork4,20,20,12500,12500,recall,0.5629000067710876,completed,ft_clock_solver_sensitivity
linear_ft_beta_0_3_stork4:ep499:nfe20:is_mean,linear_ft_beta_0_3_stork4,cifar10,0,eval,499,linear,ft_linear_beta,beta,0.3,stork4,20,20,12500,12500,is_mean,9.347182273864746,completed,ft_clock_solver_sensitivity
linear_ft_beta_0_3_stork4:ep499:nfe20:is_std,linear_ft_beta_0_3_stork4,cifar10,0,eval,499,linear,ft_linear_beta,beta,0.3,stork4,20,20,12500,12500,is_std,0.08377202600240707,completed,ft_clock_solver_sensitivity
linear_ft_beta_0_3_stork4:ep499:nfe24:fid,linear_ft_beta_0_3_stork4,cifar10,0,eval,499,linear,ft_linear_beta,beta,0.3,stork4,24,24,12500,12500,fid,18.647157669067383,completed,ft_clock_solver_sensitivity
linear_ft_beta_0_3_stork4:ep499:nfe24:precision,linear_ft_beta_0_3_stork4,cifar10,0,eval,499,linear,ft_linear_beta,beta,0.3,stork4,24,24,12500,12500,precision,0.5507000088691711,completed,ft_clock_solver_sensitivity
linear_ft_beta_0_3_stork4:ep499:nfe24:recall,linear_ft_beta_0_3_stork4,cifar10,0,eval,499,linear,ft_linear_beta,beta,0.3,stork4,24,24,12500,12500,recall,0.6028000116348267,completed,ft_clock_solver_sensitivity
linear_ft_beta_0_3_stork4:ep499:nfe24:is_mean,linear_ft_beta_0_3_stork4,cifar10,0,eval,499,linear,ft_linear_beta,beta,0.3,stork4,24,24,12500,12500,is_mean,9.356025695800781,completed,ft_clock_solver_sensitivity
linear_ft_beta_0_3_stork4:ep499:nfe24:is_std,linear_ft_beta_0_3_stork4,cifar10,0,eval,499,linear,ft_linear_beta,beta,0.3,stork4,24,24,12500,12500,is_std,0.09057949483394623,completed,ft_clock_solver_sensitivity
linear_ft_beta_0_3_stork4:ep499:nfe30:fid,linear_ft_beta_0_3_stork4,cifar10,0,eval,499,linear,ft_linear_beta,beta,0.3,stork4,30,30,12500,12500,fid,13.665056228637695,completed,ft_clock_solver_sensitivity
linear_ft_beta_0_3_stork4:ep499:nfe30:precision,linear_ft_beta_0_3_stork4,cifar10,0,eval,499,linear,ft_linear_beta,beta,0.3,stork4,30,30,12500,12500,precision,0.590999960899353,completed,ft_clock_solver_sensitivity
linear_ft_beta_0_3_stork4:ep499:nfe30:recall,linear_ft_beta_0_3_stork4,cifar10,0,eval,499,linear,ft_linear_beta,beta,0.3,stork4,30,30,12500,12500,recall,0.6333000063896179,completed,ft_clock_solver_sensitivity
linear_ft_beta_0_3_stork4:ep499:nfe30:is_mean,linear_ft_beta_0_3_stork4,cifar10,0,eval,499,linear,ft_linear_beta,beta,0.3,stork4,30,30,12500,12500,is_mean,9.330275535583496,completed,ft_clock_solver_sensitivity
linear_ft_beta_0_3_stork4:ep499:nfe30:is_std,linear_ft_beta_0_3_stork4,cifar10,0,eval,499,linear,ft_linear_beta,beta,0.3,stork4,30,30,12500,12500,is_std,0.09568525850772858,completed,ft_clock_solver_sensitivity
linear_ft_beta_0_3_stork4:ep499:nfe48:fid,linear_ft_beta_0_3_stork4,cifar10,0,eval,499,linear,ft_linear_beta,beta,0.3,stork4,48,48,12500,12500,fid,7.925563812255859,completed,ft_clock_solver_sensitivity
linear_ft_beta_0_3_stork4:ep499:nfe48:precision,linear_ft_beta_0_3_stork4,cifar10,0,eval,499,linear,ft_linear_beta,beta,0.3,stork4,48,48,12500,12500,precision,0.6340999603271484,completed,ft_clock_solver_sensitivity
linear_ft_beta_0_3_stork4:ep499:nfe48:recall,linear_ft_beta_0_3_stork4,cifar10,0,eval,499,linear,ft_linear_beta,beta,0.3,stork4,48,48,12500,12500,recall,0.6704999804496765,completed,ft_clock_solver_sensitivity
linear_ft_beta_0_3_stork4:ep499:nfe48:is_mean,linear_ft_beta_0_3_stork4,cifar10,0,eval,499,linear,ft_linear_beta,beta,0.3,stork4,48,48,12500,12500,is_mean,9.143152236938477,completed,ft_clock_solver_sensitivity
linear_ft_beta_0_3_stork4:ep499:nfe48:is_std,linear_ft_beta_0_3_stork4,cifar10,0,eval,499,linear,ft_linear_beta,beta,0.3,stork4,48,48,12500,12500,is_std,0.08477385342121124,completed,ft_clock_solver_sensitivity
linear_ft_beta_0_3_stork4:ep499:nfe50:fid,linear_ft_beta_0_3_stork4,cifar10,0,eval,499,linear,ft_linear_beta,beta,0.3,stork4,50,50,12500,12500,fid,7.719607830047607,completed,ft_clock_solver_sensitivity
linear_ft_beta_0_3_stork4:ep499:nfe50:precision,linear_ft_beta_0_3_stork4,cifar10,0,eval,499,linear,ft_linear_beta,beta,0.3,stork4,50,50,12500,12500,precision,0.6383999586105347,completed,ft_clock_solver_sensitivity
linear_ft_beta_0_3_stork4:ep499:nfe50:recall,linear_ft_beta_0_3_stork4,cifar10,0,eval,499,linear,ft_linear_beta,beta,0.3,stork4,50,50,12500,12500,recall,0.6712999939918518,completed,ft_clock_solver_sensitivity
linear_ft_beta_0_3_stork4:ep499:nfe50:is_mean,linear_ft_beta_0_3_stork4,cifar10,0,eval,499,linear,ft_linear_beta,beta,0.3,stork4,50,50,12500,12500,is_mean,9.126673698425293,completed,ft_clock_solver_sensitivity
linear_ft_beta_0_3_stork4:ep499:nfe50:is_std,linear_ft_beta_0_3_stork4,cifar10,0,eval,499,linear,ft_linear_beta,beta,0.3,stork4,50,50,12500,12500,is_std,0.08754889667034149,completed,ft_clock_solver_sensitivity
linear_ft_beta_0_3_stork4:ep499:nfe96:fid,linear_ft_beta_0_3_stork4,cifar10,0,eval,499,linear,ft_linear_beta,beta,0.3,stork4,96,96,12500,12500,fid,6.523845672607422,completed,ft_clock_solver_sensitivity
linear_ft_beta_0_3_stork4:ep499:nfe96:precision,linear_ft_beta_0_3_stork4,cifar10,0,eval,499,linear,ft_linear_beta,beta,0.3,stork4,96,96,12500,12500,precision,0.6660999655723572,completed,ft_clock_solver_sensitivity
linear_ft_beta_0_3_stork4:ep499:nfe96:recall,linear_ft_beta_0_3_stork4,cifar10,0,eval,499,linear,ft_linear_beta,beta,0.3,stork4,96,96,12500,12500,recall,0.677899956703186,completed,ft_clock_solver_sensitivity
linear_ft_beta_0_3_stork4:ep499:nfe96:is_mean,linear_ft_beta_0_3_stork4,cifar10,0,eval,499,linear,ft_linear_beta,beta,0.3,stork4,96,96,12500,12500,is_mean,8.904369354248047,completed,ft_clock_solver_sensitivity
linear_ft_beta_0_3_stork4:ep499:nfe96:is_std,linear_ft_beta_0_3_stork4,cifar10,0,eval,499,linear,ft_linear_beta,beta,0.3,stork4,96,96,12500,12500,is_std,0.06932058930397034,completed,ft_clock_solver_sensitivity
linear_ft_beta_0_5_euler:ep499:nfe6:fid,linear_ft_beta_0_5_euler,cifar10,0,eval,499,linear,ft_linear_beta,beta,0.5,euler,6,6,12500,12500,fid,32.54640579223633,completed,ft_clock_solver_sensitivity
linear_ft_beta_0_5_euler:ep499:nfe6:precision,linear_ft_beta_0_5_euler,cifar10,0,eval,499,linear,ft_linear_beta,beta,0.5,euler,6,6,12500,12500,precision,0.5742999911308289,completed,ft_clock_solver_sensitivity
linear_ft_beta_0_5_euler:ep499:nfe6:recall,linear_ft_beta_0_5_euler,cifar10,0,eval,499,linear,ft_linear_beta,beta,0.5,euler,6,6,12500,12500,recall,0.5110999941825867,completed,ft_clock_solver_sensitivity
linear_ft_beta_0_5_euler:ep499:nfe6:is_mean,linear_ft_beta_0_5_euler,cifar10,0,eval,499,linear,ft_linear_beta,beta,0.5,euler,6,6,12500,12500,is_mean,7.221013069152832,completed,ft_clock_solver_sensitivity
linear_ft_beta_0_5_euler:ep499:nfe6:is_std,linear_ft_beta_0_5_euler,cifar10,0,eval,499,linear,ft_linear_beta,beta,0.5,euler,6,6,12500,12500,is_std,0.08483446389436722,completed,ft_clock_solver_sensitivity
linear_ft_beta_0_5_euler:ep499:nfe12:fid,linear_ft_beta_0_5_euler,cifar10,0,eval,499,linear,ft_linear_beta,beta,0.5,euler,12,12,12500,12500,fid,16.425796508789062,completed,ft_clock_solver_sensitivity
linear_ft_beta_0_5_euler:ep499:nfe12:precision,linear_ft_beta_0_5_euler,cifar10,0,eval,499,linear,ft_linear_beta,beta,0.5,euler,12,12,12500,12500,precision,0.6352999806404114,completed,ft_clock_solver_sensitivity
linear_ft_beta_0_5_euler:ep499:nfe12:recall,linear_ft_beta_0_5_euler,cifar10,0,eval,499,linear,ft_linear_beta,beta,0.5,euler,12,12,12500,12500,recall,0.5902000069618225,completed,ft_clock_solver_sensitivity
linear_ft_beta_0_5_euler:ep499:nfe12:is_mean,linear_ft_beta_0_5_euler,cifar10,0,eval,499,linear,ft_linear_beta,beta,0.5,euler,12,12,12500,12500,is_mean,8.104727745056152,completed,ft_clock_solver_sensitivity
linear_ft_beta_0_5_euler:ep499:nfe12:is_std,linear_ft_beta_0_5_euler,cifar10,0,eval,499,linear,ft_linear_beta,beta,0.5,euler,12,12,12500,12500,is_std,0.1695108562707901,completed,ft_clock_solver_sensitivity
linear_ft_beta_0_5_euler:ep499:nfe18:fid,linear_ft_beta_0_5_euler,cifar10,0,eval,499,linear,ft_linear_beta,beta,0.5,euler,18,18,12500,12500,fid,12.863898277282715,completed,ft_clock_solver_sensitivity
linear_ft_beta_0_5_euler:ep499:nfe18:precision,linear_ft_beta_0_5_euler,cifar10,0,eval,499,linear,ft_linear_beta,beta,0.5,euler,18,18,12500,12500,precision,0.6610999703407288,completed,ft_clock_solver_sensitivity
linear_ft_beta_0_5_euler:ep499:nfe18:recall,linear_ft_beta_0_5_euler,cifar10,0,eval,499,linear,ft_linear_beta,beta,0.5,euler,18,18,12500,12500,recall,0.6172999739646912,completed,ft_clock_solver_sensitivity
linear_ft_beta_0_5_euler:ep499:nfe18:is_mean,linear_ft_beta_0_5_euler,cifar10,0,eval,499,linear,ft_linear_beta,beta,0.5,euler,18,18,12500,12500,is_mean,8.310534477233887,completed,ft_clock_solver_sensitivity
linear_ft_beta_0_5_euler:ep499:nfe18:is_std,linear_ft_beta_0_5_euler,cifar10,0,eval,499,linear,ft_linear_beta,beta,0.5,euler,18,18,12500,12500,is_std,0.15767942368984222,completed,ft_clock_solver_sensitivity
linear_ft_beta_0_5_euler:ep499:nfe24:fid,linear_ft_beta_0_5_euler,cifar10,0,eval,499,linear,ft_linear_beta,beta,0.5,euler,24,24,12500,12500,fid,11.213762283325195,completed,ft_clock_solver_sensitivity
linear_ft_beta_0_5_euler:ep499:nfe24:precision,linear_ft_beta_0_5_euler,cifar10,0,eval,499,linear,ft_linear_beta,beta,0.5,euler,24,24,12500,12500,precision,0.6750999689102173,completed,ft_clock_solver_sensitivity
linear_ft_beta_0_5_euler:ep499:nfe24:recall,linear_ft_beta_0_5_euler,cifar10,0,eval,499,linear,ft_linear_beta,beta,0.5,euler,24,24,12500,12500,recall,0.6308000087738037,completed,ft_clock_solver_sensitivity
linear_ft_beta_0_5_euler:ep499:nfe24:is_mean,linear_ft_beta_0_5_euler,cifar10,0,eval,499,linear,ft_linear_beta,beta,0.5,euler,24,24,12500,12500,is_mean,8.415297508239746,completed,ft_clock_solver_sensitivity
linear_ft_beta_0_5_euler:ep499:nfe24:is_std,linear_ft_beta_0_5_euler,cifar10,0,eval,499,linear,ft_linear_beta,beta,0.5,euler,24,24,12500,12500,is_std,0.1458592563867569,completed,ft_clock_solver_sensitivity
linear_ft_beta_0_5_euler:ep499:nfe30:fid,linear_ft_beta_0_5_euler,cifar10,0,eval,499,linear,ft_linear_beta,beta,0.5,euler,30,30,12500,12500,fid,10.271913528442383,completed,ft_clock_solver_sensitivity
linear_ft_beta_0_5_euler:ep499:nfe30:precision,linear_ft_beta_0_5_euler,cifar10,0,eval,499,linear,ft_linear_beta,beta,0.5,euler,30,30,12500,12500,precision,0.6814999580383301,completed,ft_clock_solver_sensitivity
linear_ft_beta_0_5_euler:ep499:nfe30:recall,linear_ft_beta_0_5_euler,cifar10,0,eval,499,linear,ft_linear_beta,beta,0.5,euler,30,30,12500,12500,recall,0.6363999843597412,completed,ft_clock_solver_sensitivity
linear_ft_beta_0_5_euler:ep499:nfe30:is_mean,linear_ft_beta_0_5_euler,cifar10,0,eval,499,linear,ft_linear_beta,beta,0.5,euler,30,30,12500,12500,is_mean,8.47343921661377,completed,ft_clock_solver_sensitivity
linear_ft_beta_0_5_euler:ep499:nfe30:is_std,linear_ft_beta_0_5_euler,cifar10,0,eval,499,linear,ft_linear_beta,beta,0.5,euler,30,30,12500,12500,is_std,0.15032647550106049,completed,ft_clock_solver_sensitivity
linear_ft_beta_0_5_euler:ep499:nfe48:fid,linear_ft_beta_0_5_euler,cifar10,0,eval,499,linear,ft_linear_beta,beta,0.5,euler,48,48,12500,12500,fid,8.828189849853516,completed,ft_clock_solver_sensitivity
linear_ft_beta_0_5_euler:ep499:nfe48:precision,linear_ft_beta_0_5_euler,cifar10,0,eval,499,linear,ft_linear_beta,beta,0.5,euler,48,48,12500,12500,precision,0.6890000104904175,completed,ft_clock_solver_sensitivity
linear_ft_beta_0_5_euler:ep499:nfe48:recall,linear_ft_beta_0_5_euler,cifar10,0,eval,499,linear,ft_linear_beta,beta,0.5,euler,48,48,12500,12500,recall,0.647599995136261,completed,ft_clock_solver_sensitivity
linear_ft_beta_0_5_euler:ep499:nfe48:is_mean,linear_ft_beta_0_5_euler,cifar10,0,eval,499,linear,ft_linear_beta,beta,0.5,euler,48,48,12500,12500,is_mean,8.575179100036621,completed,ft_clock_solver_sensitivity
linear_ft_beta_0_5_euler:ep499:nfe48:is_std,linear_ft_beta_0_5_euler,cifar10,0,eval,499,linear,ft_linear_beta,beta,0.5,euler,48,48,12500,12500,is_std,0.13035912811756134,completed,ft_clock_solver_sensitivity
linear_ft_beta_0_5_euler:ep499:nfe96:fid,linear_ft_beta_0_5_euler,cifar10,0,eval,499,linear,ft_linear_beta,beta,0.5,euler,96,96,12500,12500,fid,7.715014934539795,completed,ft_clock_solver_sensitivity
linear_ft_beta_0_5_euler:ep499:nfe96:precision,linear_ft_beta_0_5_euler,cifar10,0,eval,499,linear,ft_linear_beta,beta,0.5,euler,96,96,12500,12500,precision,0.6942999958992004,completed,ft_clock_solver_sensitivity
linear_ft_beta_0_5_euler:ep499:nfe96:recall,linear_ft_beta_0_5_euler,cifar10,0,eval,499,linear,ft_linear_beta,beta,0.5,euler,96,96,12500,12500,recall,0.6589999794960022,completed,ft_clock_solver_sensitivity
linear_ft_beta_0_5_euler:ep499:nfe96:is_mean,linear_ft_beta_0_5_euler,cifar10,0,eval,499,linear,ft_linear_beta,beta,0.5,euler,96,96,12500,12500,is_mean,8.670315742492676,completed,ft_clock_solver_sensitivity
linear_ft_beta_0_5_euler:ep499:nfe96:is_std,linear_ft_beta_0_5_euler,cifar10,0,eval,499,linear,ft_linear_beta,beta,0.5,euler,96,96,12500,12500,is_std,0.13891416788101196,completed,ft_clock_solver_sensitivity
linear_ft_beta_0_5_heun2:ep499:nfe6:fid,linear_ft_beta_0_5_heun2,cifar10,0,eval,499,linear,ft_linear_beta,beta,0.5,heun2,6,3,12500,12500,fid,171.02142333984375,completed,ft_clock_solver_sensitivity
linear_ft_beta_0_5_heun2:ep499:nfe6:precision,linear_ft_beta_0_5_heun2,cifar10,0,eval,499,linear,ft_linear_beta,beta,0.5,heun2,6,3,12500,12500,precision,0.3197000026702881,completed,ft_clock_solver_sensitivity
linear_ft_beta_0_5_heun2:ep499:nfe6:recall,linear_ft_beta_0_5_heun2,cifar10,0,eval,499,linear,ft_linear_beta,beta,0.5,heun2,6,3,12500,12500,recall,0.15410000085830688,completed,ft_clock_solver_sensitivity
linear_ft_beta_0_5_heun2:ep499:nfe6:is_mean,linear_ft_beta_0_5_heun2,cifar10,0,eval,499,linear,ft_linear_beta,beta,0.5,heun2,6,3,12500,12500,is_mean,3.180189847946167,completed,ft_clock_solver_sensitivity
linear_ft_beta_0_5_heun2:ep499:nfe6:is_std,linear_ft_beta_0_5_heun2,cifar10,0,eval,499,linear,ft_linear_beta,beta,0.5,heun2,6,3,12500,12500,is_std,0.04208484664559364,completed,ft_clock_solver_sensitivity
linear_ft_beta_0_5_heun2:ep499:nfe12:fid,linear_ft_beta_0_5_heun2,cifar10,0,eval,499,linear,ft_linear_beta,beta,0.5,heun2,12,6,12500,12500,fid,70.42998504638672,completed,ft_clock_solver_sensitivity
linear_ft_beta_0_5_heun2:ep499:nfe12:precision,linear_ft_beta_0_5_heun2,cifar10,0,eval,499,linear,ft_linear_beta,beta,0.5,heun2,12,6,12500,12500,precision,0.3528999984264374,completed,ft_clock_solver_sensitivity
linear_ft_beta_0_5_heun2:ep499:nfe12:recall,linear_ft_beta_0_5_heun2,cifar10,0,eval,499,linear,ft_linear_beta,beta,0.5,heun2,12,6,12500,12500,recall,0.38029998540878296,completed,ft_clock_solver_sensitivity
linear_ft_beta_0_5_heun2:ep499:nfe12:is_mean,linear_ft_beta_0_5_heun2,cifar10,0,eval,499,linear,ft_linear_beta,beta,0.5,heun2,12,6,12500,12500,is_mean,7.326852321624756,completed,ft_clock_solver_sensitivity
linear_ft_beta_0_5_heun2:ep499:nfe12:is_std,linear_ft_beta_0_5_heun2,cifar10,0,eval,499,linear,ft_linear_beta,beta,0.5,heun2,12,6,12500,12500,is_std,0.09048167616128922,completed,ft_clock_solver_sensitivity
linear_ft_beta_0_5_heun2:ep499:nfe18:fid,linear_ft_beta_0_5_heun2,cifar10,0,eval,499,linear,ft_linear_beta,beta,0.5,heun2,18,9,12500,12500,fid,43.978729248046875,completed,ft_clock_solver_sensitivity
linear_ft_beta_0_5_heun2:ep499:nfe18:precision,linear_ft_beta_0_5_heun2,cifar10,0,eval,499,linear,ft_linear_beta,beta,0.5,heun2,18,9,12500,12500,precision,0.41439998149871826,completed,ft_clock_solver_sensitivity
linear_ft_beta_0_5_heun2:ep499:nfe18:recall,linear_ft_beta_0_5_heun2,cifar10,0,eval,499,linear,ft_linear_beta,beta,0.5,heun2,18,9,12500,12500,recall,0.4975999891757965,completed,ft_clock_solver_sensitivity
linear_ft_beta_0_5_heun2:ep499:nfe18:is_mean,linear_ft_beta_0_5_heun2,cifar10,0,eval,499,linear,ft_linear_beta,beta,0.5,heun2,18,9,12500,12500,is_mean,8.689667701721191,completed,ft_clock_solver_sensitivity
linear_ft_beta_0_5_heun2:ep499:nfe18:is_std,linear_ft_beta_0_5_heun2,cifar10,0,eval,499,linear,ft_linear_beta,beta,0.5,heun2,18,9,12500,12500,is_std,0.12856724858283997,completed,ft_clock_solver_sensitivity
linear_ft_beta_0_5_heun2:ep499:nfe24:fid,linear_ft_beta_0_5_heun2,cifar10,0,eval,499,linear,ft_linear_beta,beta,0.5,heun2,24,12,12500,12500,fid,31.108638763427734,completed,ft_clock_solver_sensitivity
linear_ft_beta_0_5_heun2:ep499:nfe24:precision,linear_ft_beta_0_5_heun2,cifar10,0,eval,499,linear,ft_linear_beta,beta,0.5,heun2,24,12,12500,12500,precision,0.4834999740123749,completed,ft_clock_solver_sensitivity
linear_ft_beta_0_5_heun2:ep499:nfe24:recall,linear_ft_beta_0_5_heun2,cifar10,0,eval,499,linear,ft_linear_beta,beta,0.5,heun2,24,12,12500,12500,recall,0.5593999624252319,completed,ft_clock_solver_sensitivity
linear_ft_beta_0_5_heun2:ep499:nfe24:is_mean,linear_ft_beta_0_5_heun2,cifar10,0,eval,499,linear,ft_linear_beta,beta,0.5,heun2,24,12,12500,12500,is_mean,9.139970779418945,completed,ft_clock_solver_sensitivity
linear_ft_beta_0_5_heun2:ep499:nfe24:is_std,linear_ft_beta_0_5_heun2,cifar10,0,eval,499,linear,ft_linear_beta,beta,0.5,heun2,24,12,12500,12500,is_std,0.10735274851322174,completed,ft_clock_solver_sensitivity
linear_ft_beta_0_5_heun2:ep499:nfe30:fid,linear_ft_beta_0_5_heun2,cifar10,0,eval,499,linear,ft_linear_beta,beta,0.5,heun2,30,15,12500,12500,fid,23.311222076416016,completed,ft_clock_solver_sensitivity
linear_ft_beta_0_5_heun2:ep499:nfe30:precision,linear_ft_beta_0_5_heun2,cifar10,0,eval,499,linear,ft_linear_beta,beta,0.5,heun2,30,15,12500,12500,precision,0.5356000065803528,completed,ft_clock_solver_sensitivity
linear_ft_beta_0_5_heun2:ep499:nfe30:recall,linear_ft_beta_0_5_heun2,cifar10,0,eval,499,linear,ft_linear_beta,beta,0.5,heun2,30,15,12500,12500,recall,0.5893999934196472,completed,ft_clock_solver_sensitivity
linear_ft_beta_0_5_heun2:ep499:nfe30:is_mean,linear_ft_beta_0_5_heun2,cifar10,0,eval,499,linear,ft_linear_beta,beta,0.5,heun2,30,15,12500,12500,is_mean,9.297835350036621,completed,ft_clock_solver_sensitivity
linear_ft_beta_0_5_heun2:ep499:nfe30:is_std,linear_ft_beta_0_5_heun2,cifar10,0,eval,499,linear,ft_linear_beta,beta,0.5,heun2,30,15,12500,12500,is_std,0.10827065259218216,completed,ft_clock_solver_sensitivity
linear_ft_beta_0_5_heun2:ep499:nfe48:fid,linear_ft_beta_0_5_heun2,cifar10,0,eval,499,linear,ft_linear_beta,beta,0.5,heun2,48,24,12500,12500,fid,12.578984260559082,completed,ft_clock_solver_sensitivity
linear_ft_beta_0_5_heun2:ep499:nfe48:precision,linear_ft_beta_0_5_heun2,cifar10,0,eval,499,linear,ft_linear_beta,beta,0.5,heun2,48,24,12500,12500,precision,0.6182999610900879,completed,ft_clock_solver_sensitivity
linear_ft_beta_0_5_heun2:ep499:nfe48:recall,linear_ft_beta_0_5_heun2,cifar10,0,eval,499,linear,ft_linear_beta,beta,0.5,heun2,48,24,12500,12500,recall,0.6297999620437622,completed,ft_clock_solver_sensitivity
linear_ft_beta_0_5_heun2:ep499:nfe48:is_mean,linear_ft_beta_0_5_heun2,cifar10,0,eval,499,linear,ft_linear_beta,beta,0.5,heun2,48,24,12500,12500,is_mean,9.305463790893555,completed,ft_clock_solver_sensitivity
linear_ft_beta_0_5_heun2:ep499:nfe48:is_std,linear_ft_beta_0_5_heun2,cifar10,0,eval,499,linear,ft_linear_beta,beta,0.5,heun2,48,24,12500,12500,is_std,0.10679461807012558,completed,ft_clock_solver_sensitivity
linear_ft_beta_0_5_heun2:ep499:nfe96:fid,linear_ft_beta_0_5_heun2,cifar10,0,eval,499,linear,ft_linear_beta,beta,0.5,heun2,96,48,12500,12500,fid,7.020061016082764,completed,ft_clock_solver_sensitivity
linear_ft_beta_0_5_heun2:ep499:nfe96:precision,linear_ft_beta_0_5_heun2,cifar10,0,eval,499,linear,ft_linear_beta,beta,0.5,heun2,96,48,12500,12500,precision,0.6859999895095825,completed,ft_clock_solver_sensitivity
linear_ft_beta_0_5_heun2:ep499:nfe96:recall,linear_ft_beta_0_5_heun2,cifar10,0,eval,499,linear,ft_linear_beta,beta,0.5,heun2,96,48,12500,12500,recall,0.6610999703407288,completed,ft_clock_solver_sensitivity
linear_ft_beta_0_5_heun2:ep499:nfe96:is_mean,linear_ft_beta_0_5_heun2,cifar10,0,eval,499,linear,ft_linear_beta,beta,0.5,heun2,96,48,12500,12500,is_mean,9.061370849609375,completed,ft_clock_solver_sensitivity
linear_ft_beta_0_5_heun2:ep499:nfe96:is_std,linear_ft_beta_0_5_heun2,cifar10,0,eval,499,linear,ft_linear_beta,beta,0.5,heun2,96,48,12500,12500,is_std,0.11226077377796173,completed,ft_clock_solver_sensitivity
linear_ft_beta_0_5_rk3:ep499:nfe6:fid,linear_ft_beta_0_5_rk3,cifar10,0,eval,499,linear,ft_linear_beta,beta,0.5,rk3,6,2,12500,12500,fid,98.73890686035156,completed,ft_clock_solver_sensitivity
linear_ft_beta_0_5_rk3:ep499:nfe6:precision,linear_ft_beta_0_5_rk3,cifar10,0,eval,499,linear,ft_linear_beta,beta,0.5,rk3,6,2,12500,12500,precision,0.3005000054836273,completed,ft_clock_solver_sensitivity
linear_ft_beta_0_5_rk3:ep499:nfe6:recall,linear_ft_beta_0_5_rk3,cifar10,0,eval,499,linear,ft_linear_beta,beta,0.5,rk3,6,2,12500,12500,recall,0.289000004529953,completed,ft_clock_solver_sensitivity
linear_ft_beta_0_5_rk3:ep499:nfe6:is_mean,linear_ft_beta_0_5_rk3,cifar10,0,eval,499,linear,ft_linear_beta,beta,0.5,rk3,6,2,12500,12500,is_mean,5.851658344268799,completed,ft_clock_solver_sensitivity
linear_ft_beta_0_5_rk3:ep499:nfe6:is_std,linear_ft_beta_0_5_rk3,cifar10,0,eval,499,linear,ft_linear_beta,beta,0.5,rk3,6,2,12500,12500,is_std,0.06033489853143692,completed,ft_clock_solver_sensitivity
linear_ft_beta_0_5_rk3:ep499:nfe12:fid,linear_ft_beta_0_5_rk3,cifar10,0,eval,499,linear,ft_linear_beta,beta,0.5,rk3,12,4,12500,12500,fid,38.8087158203125,completed,ft_clock_solver_sensitivity
linear_ft_beta_0_5_rk3:ep499:nfe12:precision,linear_ft_beta_0_5_rk3,cifar10,0,eval,499,linear,ft_linear_beta,beta,0.5,rk3,12,4,12500,12500,precision,0.42319998145103455,completed,ft_clock_solver_sensitivity
linear_ft_beta_0_5_rk3:ep499:nfe12:recall,linear_ft_beta_0_5_rk3,cifar10,0,eval,499,linear,ft_linear_beta,beta,0.5,rk3,12,4,12500,12500,recall,0.5090999603271484,completed,ft_clock_solver_sensitivity
linear_ft_beta_0_5_rk3:ep499:nfe12:is_mean,linear_ft_beta_0_5_rk3,cifar10,0,eval,499,linear,ft_linear_beta,beta,0.5,rk3,12,4,12500,12500,is_mean,9.023341178894043,completed,ft_clock_solver_sensitivity
linear_ft_beta_0_5_rk3:ep499:nfe12:is_std,linear_ft_beta_0_5_rk3,cifar10,0,eval,499,linear,ft_linear_beta,beta,0.5,rk3,12,4,12500,12500,is_std,0.13035860657691956,completed,ft_clock_solver_sensitivity
linear_ft_beta_0_5_rk3:ep499:nfe18:fid,linear_ft_beta_0_5_rk3,cifar10,0,eval,499,linear,ft_linear_beta,beta,0.5,rk3,18,6,12500,12500,fid,21.991493225097656,completed,ft_clock_solver_sensitivity
linear_ft_beta_0_5_rk3:ep499:nfe18:precision,linear_ft_beta_0_5_rk3,cifar10,0,eval,499,linear,ft_linear_beta,beta,0.5,rk3,18,6,12500,12500,precision,0.538599967956543,completed,ft_clock_solver_sensitivity
linear_ft_beta_0_5_rk3:ep499:nfe18:recall,linear_ft_beta_0_5_rk3,cifar10,0,eval,499,linear,ft_linear_beta,beta,0.5,rk3,18,6,12500,12500,recall,0.5879999995231628,completed,ft_clock_solver_sensitivity
linear_ft_beta_0_5_rk3:ep499:nfe18:is_mean,linear_ft_beta_0_5_rk3,cifar10,0,eval,499,linear,ft_linear_beta,beta,0.5,rk3,18,6,12500,12500,is_mean,9.404159545898438,completed,ft_clock_solver_sensitivity
linear_ft_beta_0_5_rk3:ep499:nfe18:is_std,linear_ft_beta_0_5_rk3,cifar10,0,eval,499,linear,ft_linear_beta,beta,0.5,rk3,18,6,12500,12500,is_std,0.08942196518182755,completed,ft_clock_solver_sensitivity
linear_ft_beta_0_5_rk3:ep499:nfe24:fid,linear_ft_beta_0_5_rk3,cifar10,0,eval,499,linear,ft_linear_beta,beta,0.5,rk3,24,8,12500,12500,fid,14.45300006866455,completed,ft_clock_solver_sensitivity
linear_ft_beta_0_5_rk3:ep499:nfe24:precision,linear_ft_beta_0_5_rk3,cifar10,0,eval,499,linear,ft_linear_beta,beta,0.5,rk3,24,8,12500,12500,precision,0.5995000004768372,completed,ft_clock_solver_sensitivity
linear_ft_beta_0_5_rk3:ep499:nfe24:recall,linear_ft_beta_0_5_rk3,cifar10,0,eval,499,linear,ft_linear_beta,beta,0.5,rk3,24,8,12500,12500,recall,0.6209999918937683,completed,ft_clock_solver_sensitivity
linear_ft_beta_0_5_rk3:ep499:nfe24:is_mean,linear_ft_beta_0_5_rk3,cifar10,0,eval,499,linear,ft_linear_beta,beta,0.5,rk3,24,8,12500,12500,is_mean,9.408332824707031,completed,ft_clock_solver_sensitivity
linear_ft_beta_0_5_rk3:ep499:nfe24:is_std,linear_ft_beta_0_5_rk3,cifar10,0,eval,499,linear,ft_linear_beta,beta,0.5,rk3,24,8,12500,12500,is_std,0.08708855509757996,completed,ft_clock_solver_sensitivity
linear_ft_beta_0_5_rk3:ep499:nfe30:fid,linear_ft_beta_0_5_rk3,cifar10,0,eval,499,linear,ft_linear_beta,beta,0.5,rk3,30,10,12500,12500,fid,10.662339210510254,completed,ft_clock_solver_sensitivity
linear_ft_beta_0_5_rk3:ep499:nfe30:precision,linear_ft_beta_0_5_rk3,cifar10,0,eval,499,linear,ft_linear_beta,beta,0.5,rk3,30,10,12500,12500,precision,0.6358999609947205,completed,ft_clock_solver_sensitivity
linear_ft_beta_0_5_rk3:ep499:nfe30:recall,linear_ft_beta_0_5_rk3,cifar10,0,eval,499,linear,ft_linear_beta,beta,0.5,rk3,30,10,12500,12500,recall,0.6401000022888184,completed,ft_clock_solver_sensitivity
linear_ft_beta_0_5_rk3:ep499:nfe30:is_mean,linear_ft_beta_0_5_rk3,cifar10,0,eval,499,linear,ft_linear_beta,beta,0.5,rk3,30,10,12500,12500,is_mean,9.328754425048828,completed,ft_clock_solver_sensitivity
linear_ft_beta_0_5_rk3:ep499:nfe30:is_std,linear_ft_beta_0_5_rk3,cifar10,0,eval,499,linear,ft_linear_beta,beta,0.5,rk3,30,10,12500,12500,is_std,0.09976740181446075,completed,ft_clock_solver_sensitivity
linear_ft_beta_0_5_rk3:ep499:nfe48:fid,linear_ft_beta_0_5_rk3,cifar10,0,eval,499,linear,ft_linear_beta,beta,0.5,rk3,48,16,12500,12500,fid,7.027343273162842,completed,ft_clock_solver_sensitivity
linear_ft_beta_0_5_rk3:ep499:nfe48:precision,linear_ft_beta_0_5_rk3,cifar10,0,eval,499,linear,ft_linear_beta,beta,0.5,rk3,48,16,12500,12500,precision,0.6834999918937683,completed,ft_clock_solver_sensitivity
linear_ft_beta_0_5_rk3:ep499:nfe48:recall,linear_ft_beta_0_5_rk3,cifar10,0,eval,499,linear,ft_linear_beta,beta,0.5,rk3,48,16,12500,12500,recall,0.6621999740600586,completed,ft_clock_solver_sensitivity
linear_ft_beta_0_5_rk3:ep499:nfe48:is_mean,linear_ft_beta_0_5_rk3,cifar10,0,eval,499,linear,ft_linear_beta,beta,0.5,rk3,48,16,12500,12500,is_mean,9.090785026550293,completed,ft_clock_solver_sensitivity
linear_ft_beta_0_5_rk3:ep499:nfe48:is_std,linear_ft_beta_0_5_rk3,cifar10,0,eval,499,linear,ft_linear_beta,beta,0.5,rk3,48,16,12500,12500,is_std,0.1102152094244957,completed,ft_clock_solver_sensitivity
linear_ft_beta_0_5_rk3:ep499:nfe96:fid,linear_ft_beta_0_5_rk3,cifar10,0,eval,499,linear,ft_linear_beta,beta,0.5,rk3,96,32,12500,12500,fid,6.6684417724609375,completed,ft_clock_solver_sensitivity
linear_ft_beta_0_5_rk3:ep499:nfe96:precision,linear_ft_beta_0_5_rk3,cifar10,0,eval,499,linear,ft_linear_beta,beta,0.5,rk3,96,32,12500,12500,precision,0.6960999965667725,completed,ft_clock_solver_sensitivity
linear_ft_beta_0_5_rk3:ep499:nfe96:recall,linear_ft_beta_0_5_rk3,cifar10,0,eval,499,linear,ft_linear_beta,beta,0.5,rk3,96,32,12500,12500,recall,0.6627999544143677,completed,ft_clock_solver_sensitivity
linear_ft_beta_0_5_rk3:ep499:nfe96:is_mean,linear_ft_beta_0_5_rk3,cifar10,0,eval,499,linear,ft_linear_beta,beta,0.5,rk3,96,32,12500,12500,is_mean,8.867103576660156,completed,ft_clock_solver_sensitivity
linear_ft_beta_0_5_rk3:ep499:nfe96:is_std,linear_ft_beta_0_5_rk3,cifar10,0,eval,499,linear,ft_linear_beta,beta,0.5,rk3,96,32,12500,12500,is_std,0.13558509945869446,completed,ft_clock_solver_sensitivity
linear_ft_beta_0_5_stork4:ep499:nfe6:fid,linear_ft_beta_0_5_stork4,cifar10,0,eval,499,linear,ft_linear_beta,beta,0.5,stork4,6,6,12500,12500,fid,19.61074447631836,completed,ft_clock_solver_sensitivity
linear_ft_beta_0_5_stork4:ep499:nfe6:precision,linear_ft_beta_0_5_stork4,cifar10,0,eval,499,linear,ft_linear_beta,beta,0.5,stork4,6,6,12500,12500,precision,0.6096000075340271,completed,ft_clock_solver_sensitivity
linear_ft_beta_0_5_stork4:ep499:nfe6:recall,linear_ft_beta_0_5_stork4,cifar10,0,eval,499,linear,ft_linear_beta,beta,0.5,stork4,6,6,12500,12500,recall,0.5782999992370605,completed,ft_clock_solver_sensitivity
linear_ft_beta_0_5_stork4:ep499:nfe6:is_mean,linear_ft_beta_0_5_stork4,cifar10,0,eval,499,linear,ft_linear_beta,beta,0.5,stork4,6,6,12500,12500,is_mean,8.033635139465332,completed,ft_clock_solver_sensitivity
linear_ft_beta_0_5_stork4:ep499:nfe6:is_std,linear_ft_beta_0_5_stork4,cifar10,0,eval,499,linear,ft_linear_beta,beta,0.5,stork4,6,6,12500,12500,is_std,0.1616981476545334,completed,ft_clock_solver_sensitivity
linear_ft_beta_0_5_stork4:ep499:nfe8:fid,linear_ft_beta_0_5_stork4,cifar10,0,eval,499,linear,ft_linear_beta,beta,0.5,stork4,8,8,12500,12500,fid,15.209437370300293,completed,ft_clock_solver_sensitivity
linear_ft_beta_0_5_stork4:ep499:nfe8:precision,linear_ft_beta_0_5_stork4,cifar10,0,eval,499,linear,ft_linear_beta,beta,0.5,stork4,8,8,12500,12500,precision,0.6293999552726746,completed,ft_clock_solver_sensitivity
linear_ft_beta_0_5_stork4:ep499:nfe8:recall,linear_ft_beta_0_5_stork4,cifar10,0,eval,499,linear,ft_linear_beta,beta,0.5,stork4,8,8,12500,12500,recall,0.6115999817848206,completed,ft_clock_solver_sensitivity
linear_ft_beta_0_5_stork4:ep499:nfe8:is_mean,linear_ft_beta_0_5_stork4,cifar10,0,eval,499,linear,ft_linear_beta,beta,0.5,stork4,8,8,12500,12500,is_mean,8.26728343963623,completed,ft_clock_solver_sensitivity
linear_ft_beta_0_5_stork4:ep499:nfe8:is_std,linear_ft_beta_0_5_stork4,cifar10,0,eval,499,linear,ft_linear_beta,beta,0.5,stork4,8,8,12500,12500,is_std,0.16433236002922058,completed,ft_clock_solver_sensitivity
linear_ft_beta_0_5_stork4:ep499:nfe10:fid,linear_ft_beta_0_5_stork4,cifar10,0,eval,499,linear,ft_linear_beta,beta,0.5,stork4,10,10,12500,12500,fid,13.271474838256836,completed,ft_clock_solver_sensitivity
linear_ft_beta_0_5_stork4:ep499:nfe10:precision,linear_ft_beta_0_5_stork4,cifar10,0,eval,499,linear,ft_linear_beta,beta,0.5,stork4,10,10,12500,12500,precision,0.649899959564209,completed,ft_clock_solver_sensitivity
linear_ft_beta_0_5_stork4:ep499:nfe10:recall,linear_ft_beta_0_5_stork4,cifar10,0,eval,499,linear,ft_linear_beta,beta,0.5,stork4,10,10,12500,12500,recall,0.6220999956130981,completed,ft_clock_solver_sensitivity
linear_ft_beta_0_5_stork4:ep499:nfe10:is_mean,linear_ft_beta_0_5_stork4,cifar10,0,eval,499,linear,ft_linear_beta,beta,0.5,stork4,10,10,12500,12500,is_mean,8.388529777526855,completed,ft_clock_solver_sensitivity
linear_ft_beta_0_5_stork4:ep499:nfe10:is_std,linear_ft_beta_0_5_stork4,cifar10,0,eval,499,linear,ft_linear_beta,beta,0.5,stork4,10,10,12500,12500,is_std,0.15530267357826233,completed,ft_clock_solver_sensitivity
linear_ft_beta_0_5_stork4:ep499:nfe12:fid,linear_ft_beta_0_5_stork4,cifar10,0,eval,499,linear,ft_linear_beta,beta,0.5,stork4,12,12,12500,12500,fid,12.1138916015625,completed,ft_clock_solver_sensitivity
linear_ft_beta_0_5_stork4:ep499:nfe12:precision,linear_ft_beta_0_5_stork4,cifar10,0,eval,499,linear,ft_linear_beta,beta,0.5,stork4,12,12,12500,12500,precision,0.6592999696731567,completed,ft_clock_solver_sensitivity
linear_ft_beta_0_5_stork4:ep499:nfe12:recall,linear_ft_beta_0_5_stork4,cifar10,0,eval,499,linear,ft_linear_beta,beta,0.5,stork4,12,12,12500,12500,recall,0.6287999749183655,completed,ft_clock_solver_sensitivity
linear_ft_beta_0_5_stork4:ep499:nfe12:is_mean,linear_ft_beta_0_5_stork4,cifar10,0,eval,499,linear,ft_linear_beta,beta,0.5,stork4,12,12,12500,12500,is_mean,8.454805374145508,completed,ft_clock_solver_sensitivity
linear_ft_beta_0_5_stork4:ep499:nfe12:is_std,linear_ft_beta_0_5_stork4,cifar10,0,eval,499,linear,ft_linear_beta,beta,0.5,stork4,12,12,12500,12500,is_std,0.15579330921173096,completed,ft_clock_solver_sensitivity
linear_ft_beta_0_5_stork4:ep499:nfe18:fid,linear_ft_beta_0_5_stork4,cifar10,0,eval,499,linear,ft_linear_beta,beta,0.5,stork4,18,18,12500,12500,fid,10.19614315032959,completed,ft_clock_solver_sensitivity
linear_ft_beta_0_5_stork4:ep499:nfe18:precision,linear_ft_beta_0_5_stork4,cifar10,0,eval,499,linear,ft_linear_beta,beta,0.5,stork4,18,18,12500,12500,precision,0.6786999702453613,completed,ft_clock_solver_sensitivity
linear_ft_beta_0_5_stork4:ep499:nfe18:recall,linear_ft_beta_0_5_stork4,cifar10,0,eval,499,linear,ft_linear_beta,beta,0.5,stork4,18,18,12500,12500,recall,0.6394000053405762,completed,ft_clock_solver_sensitivity
linear_ft_beta_0_5_stork4:ep499:nfe18:is_mean,linear_ft_beta_0_5_stork4,cifar10,0,eval,499,linear,ft_linear_beta,beta,0.5,stork4,18,18,12500,12500,is_mean,8.548762321472168,completed,ft_clock_solver_sensitivity
linear_ft_beta_0_5_stork4:ep499:nfe18:is_std,linear_ft_beta_0_5_stork4,cifar10,0,eval,499,linear,ft_linear_beta,beta,0.5,stork4,18,18,12500,12500,is_std,0.1417718380689621,completed,ft_clock_solver_sensitivity
linear_ft_beta_0_5_stork4:ep499:nfe20:fid,linear_ft_beta_0_5_stork4,cifar10,0,eval,499,linear,ft_linear_beta,beta,0.5,stork4,20,20,12500,12500,fid,9.79216480255127,completed,ft_clock_solver_sensitivity
linear_ft_beta_0_5_stork4:ep499:nfe20:precision,linear_ft_beta_0_5_stork4,cifar10,0,eval,499,linear,ft_linear_beta,beta,0.5,stork4,20,20,12500,12500,precision,0.6850000023841858,completed,ft_clock_solver_sensitivity
linear_ft_beta_0_5_stork4:ep499:nfe20:recall,linear_ft_beta_0_5_stork4,cifar10,0,eval,499,linear,ft_linear_beta,beta,0.5,stork4,20,20,12500,12500,recall,0.6444999575614929,completed,ft_clock_solver_sensitivity
linear_ft_beta_0_5_stork4:ep499:nfe20:is_mean,linear_ft_beta_0_5_stork4,cifar10,0,eval,499,linear,ft_linear_beta,beta,0.5,stork4,20,20,12500,12500,is_mean,8.558048248291016,completed,ft_clock_solver_sensitivity
linear_ft_beta_0_5_stork4:ep499:nfe20:is_std,linear_ft_beta_0_5_stork4,cifar10,0,eval,499,linear,ft_linear_beta,beta,0.5,stork4,20,20,12500,12500,is_std,0.13445346057415009,completed,ft_clock_solver_sensitivity
linear_ft_beta_0_5_stork4:ep499:nfe24:fid,linear_ft_beta_0_5_stork4,cifar10,0,eval,499,linear,ft_linear_beta,beta,0.5,stork4,24,24,12500,12500,fid,9.156960487365723,completed,ft_clock_solver_sensitivity
linear_ft_beta_0_5_stork4:ep499:nfe24:precision,linear_ft_beta_0_5_stork4,cifar10,0,eval,499,linear,ft_linear_beta,beta,0.5,stork4,24,24,12500,12500,precision,0.6887999773025513,completed,ft_clock_solver_sensitivity
linear_ft_beta_0_5_stork4:ep499:nfe24:recall,linear_ft_beta_0_5_stork4,cifar10,0,eval,499,linear,ft_linear_beta,beta,0.5,stork4,24,24,12500,12500,recall,0.646399974822998,completed,ft_clock_solver_sensitivity
linear_ft_beta_0_5_stork4:ep499:nfe24:is_mean,linear_ft_beta_0_5_stork4,cifar10,0,eval,499,linear,ft_linear_beta,beta,0.5,stork4,24,24,12500,12500,is_mean,8.593764305114746,completed,ft_clock_solver_sensitivity
linear_ft_beta_0_5_stork4:ep499:nfe24:is_std,linear_ft_beta_0_5_stork4,cifar10,0,eval,499,linear,ft_linear_beta,beta,0.5,stork4,24,24,12500,12500,is_std,0.14381371438503265,completed,ft_clock_solver_sensitivity
linear_ft_beta_0_5_stork4:ep499:nfe30:fid,linear_ft_beta_0_5_stork4,cifar10,0,eval,499,linear,ft_linear_beta,beta,0.5,stork4,30,30,12500,12500,fid,8.53518009185791,completed,ft_clock_solver_sensitivity
linear_ft_beta_0_5_stork4:ep499:nfe30:precision,linear_ft_beta_0_5_stork4,cifar10,0,eval,499,linear,ft_linear_beta,beta,0.5,stork4,30,30,12500,12500,precision,0.6922999620437622,completed,ft_clock_solver_sensitivity
linear_ft_beta_0_5_stork4:ep499:nfe30:recall,linear_ft_beta_0_5_stork4,cifar10,0,eval,499,linear,ft_linear_beta,beta,0.5,stork4,30,30,12500,12500,recall,0.6495999693870544,completed,ft_clock_solver_sensitivity
linear_ft_beta_0_5_stork4:ep499:nfe30:is_mean,linear_ft_beta_0_5_stork4,cifar10,0,eval,499,linear,ft_linear_beta,beta,0.5,stork4,30,30,12500,12500,is_mean,8.620352745056152,completed,ft_clock_solver_sensitivity
linear_ft_beta_0_5_stork4:ep499:nfe30:is_std,linear_ft_beta_0_5_stork4,cifar10,0,eval,499,linear,ft_linear_beta,beta,0.5,stork4,30,30,12500,12500,is_std,0.14515936374664307,completed,ft_clock_solver_sensitivity
linear_ft_beta_0_5_stork4:ep499:nfe48:fid,linear_ft_beta_0_5_stork4,cifar10,0,eval,499,linear,ft_linear_beta,beta,0.5,stork4,48,48,12500,12500,fid,7.635622024536133,completed,ft_clock_solver_sensitivity
linear_ft_beta_0_5_stork4:ep499:nfe48:precision,linear_ft_beta_0_5_stork4,cifar10,0,eval,499,linear,ft_linear_beta,beta,0.5,stork4,48,48,12500,12500,precision,0.6961999535560608,completed,ft_clock_solver_sensitivity
linear_ft_beta_0_5_stork4:ep499:nfe48:recall,linear_ft_beta_0_5_stork4,cifar10,0,eval,499,linear,ft_linear_beta,beta,0.5,stork4,48,48,12500,12500,recall,0.6568999886512756,completed,ft_clock_solver_sensitivity
linear_ft_beta_0_5_stork4:ep499:nfe48:is_mean,linear_ft_beta_0_5_stork4,cifar10,0,eval,499,linear,ft_linear_beta,beta,0.5,stork4,48,48,12500,12500,is_mean,8.682940483093262,completed,ft_clock_solver_sensitivity
linear_ft_beta_0_5_stork4:ep499:nfe48:is_std,linear_ft_beta_0_5_stork4,cifar10,0,eval,499,linear,ft_linear_beta,beta,0.5,stork4,48,48,12500,12500,is_std,0.1538143754005432,completed,ft_clock_solver_sensitivity
linear_ft_beta_0_5_stork4:ep499:nfe50:fid,linear_ft_beta_0_5_stork4,cifar10,0,eval,499,linear,ft_linear_beta,beta,0.5,stork4,50,50,12500,12500,fid,7.579826831817627,completed,ft_clock_solver_sensitivity
linear_ft_beta_0_5_stork4:ep499:nfe50:precision,linear_ft_beta_0_5_stork4,cifar10,0,eval,499,linear,ft_linear_beta,beta,0.5,stork4,50,50,12500,12500,precision,0.6951999664306641,completed,ft_clock_solver_sensitivity
linear_ft_beta_0_5_stork4:ep499:nfe50:recall,linear_ft_beta_0_5_stork4,cifar10,0,eval,499,linear,ft_linear_beta,beta,0.5,stork4,50,50,12500,12500,recall,0.6556000113487244,completed,ft_clock_solver_sensitivity
linear_ft_beta_0_5_stork4:ep499:nfe50:is_mean,linear_ft_beta_0_5_stork4,cifar10,0,eval,499,linear,ft_linear_beta,beta,0.5,stork4,50,50,12500,12500,is_mean,8.687255859375,completed,ft_clock_solver_sensitivity
linear_ft_beta_0_5_stork4:ep499:nfe50:is_std,linear_ft_beta_0_5_stork4,cifar10,0,eval,499,linear,ft_linear_beta,beta,0.5,stork4,50,50,12500,12500,is_std,0.1521601527929306,completed,ft_clock_solver_sensitivity
linear_ft_beta_0_5_stork4:ep499:nfe96:fid,linear_ft_beta_0_5_stork4,cifar10,0,eval,499,linear,ft_linear_beta,beta,0.5,stork4,96,96,12500,12500,fid,7.058453559875488,completed,ft_clock_solver_sensitivity
linear_ft_beta_0_5_stork4:ep499:nfe96:precision,linear_ft_beta_0_5_stork4,cifar10,0,eval,499,linear,ft_linear_beta,beta,0.5,stork4,96,96,12500,12500,precision,0.6978999972343445,completed,ft_clock_solver_sensitivity
linear_ft_beta_0_5_stork4:ep499:nfe96:recall,linear_ft_beta_0_5_stork4,cifar10,0,eval,499,linear,ft_linear_beta,beta,0.5,stork4,96,96,12500,12500,recall,0.65829998254776,completed,ft_clock_solver_sensitivity
linear_ft_beta_0_5_stork4:ep499:nfe96:is_mean,linear_ft_beta_0_5_stork4,cifar10,0,eval,499,linear,ft_linear_beta,beta,0.5,stork4,96,96,12500,12500,is_mean,8.76096248626709,completed,ft_clock_solver_sensitivity
linear_ft_beta_0_5_stork4:ep499:nfe96:is_std,linear_ft_beta_0_5_stork4,cifar10,0,eval,499,linear,ft_linear_beta,beta,0.5,stork4,96,96,12500,12500,is_std,0.14591550827026367,completed,ft_clock_solver_sensitivity
linear_ft_beta_0_7_euler:ep499:nfe6:fid,linear_ft_beta_0_7_euler,cifar10,0,eval,499,linear,ft_linear_beta,beta,0.7,euler,6,6,12500,12500,fid,127.26329040527344,completed,ft_clock_solver_sensitivity
linear_ft_beta_0_7_euler:ep499:nfe6:precision,linear_ft_beta_0_7_euler,cifar10,0,eval,499,linear,ft_linear_beta,beta,0.7,euler,6,6,12500,12500,precision,0.121799997985363,completed,ft_clock_solver_sensitivity
linear_ft_beta_0_7_euler:ep499:nfe6:recall,linear_ft_beta_0_7_euler,cifar10,0,eval,499,linear,ft_linear_beta,beta,0.7,euler,6,6,12500,12500,recall,0.33079999685287476,completed,ft_clock_solver_sensitivity
linear_ft_beta_0_7_euler:ep499:nfe6:is_mean,linear_ft_beta_0_7_euler,cifar10,0,eval,499,linear,ft_linear_beta,beta,0.7,euler,6,6,12500,12500,is_mean,5.4030022621154785,completed,ft_clock_solver_sensitivity
linear_ft_beta_0_7_euler:ep499:nfe6:is_std,linear_ft_beta_0_7_euler,cifar10,0,eval,499,linear,ft_linear_beta,beta,0.7,euler,6,6,12500,12500,is_std,0.07019656896591187,completed,ft_clock_solver_sensitivity
linear_ft_beta_0_7_euler:ep499:nfe12:fid,linear_ft_beta_0_7_euler,cifar10,0,eval,499,linear,ft_linear_beta,beta,0.7,euler,12,12,12500,12500,fid,29.999820709228516,completed,ft_clock_solver_sensitivity
linear_ft_beta_0_7_euler:ep499:nfe12:precision,linear_ft_beta_0_7_euler,cifar10,0,eval,499,linear,ft_linear_beta,beta,0.7,euler,12,12,12500,12500,precision,0.5625999569892883,completed,ft_clock_solver_sensitivity
linear_ft_beta_0_7_euler:ep499:nfe12:recall,linear_ft_beta_0_7_euler,cifar10,0,eval,499,linear,ft_linear_beta,beta,0.7,euler,12,12,12500,12500,recall,0.5336999893188477,completed,ft_clock_solver_sensitivity
linear_ft_beta_0_7_euler:ep499:nfe12:is_mean,linear_ft_beta_0_7_euler,cifar10,0,eval,499,linear,ft_linear_beta,beta,0.7,euler,12,12,12500,12500,is_mean,7.442709445953369,completed,ft_clock_solver_sensitivity
linear_ft_beta_0_7_euler:ep499:nfe12:is_std,linear_ft_beta_0_7_euler,cifar10,0,eval,499,linear,ft_linear_beta,beta,0.7,euler,12,12,12500,12500,is_std,0.07495679706335068,completed,ft_clock_solver_sensitivity
linear_ft_beta_0_7_euler:ep499:nfe18:fid,linear_ft_beta_0_7_euler,cifar10,0,eval,499,linear,ft_linear_beta,beta,0.7,euler,18,18,12500,12500,fid,18.01047134399414,completed,ft_clock_solver_sensitivity
linear_ft_beta_0_7_euler:ep499:nfe18:precision,linear_ft_beta_0_7_euler,cifar10,0,eval,499,linear,ft_linear_beta,beta,0.7,euler,18,18,12500,12500,precision,0.6215999722480774,completed,ft_clock_solver_sensitivity
linear_ft_beta_0_7_euler:ep499:nfe18:recall,linear_ft_beta_0_7_euler,cifar10,0,eval,499,linear,ft_linear_beta,beta,0.7,euler,18,18,12500,12500,recall,0.5950999855995178,completed,ft_clock_solver_sensitivity
linear_ft_beta_0_7_euler:ep499:nfe18:is_mean,linear_ft_beta_0_7_euler,cifar10,0,eval,499,linear,ft_linear_beta,beta,0.7,euler,18,18,12500,12500,is_mean,7.992074489593506,completed,ft_clock_solver_sensitivity
linear_ft_beta_0_7_euler:ep499:nfe18:is_std,linear_ft_beta_0_7_euler,cifar10,0,eval,499,linear,ft_linear_beta,beta,0.7,euler,18,18,12500,12500,is_std,0.11456935107707977,completed,ft_clock_solver_sensitivity
linear_ft_beta_0_7_euler:ep499:nfe24:fid,linear_ft_beta_0_7_euler,cifar10,0,eval,499,linear,ft_linear_beta,beta,0.7,euler,24,24,12500,12500,fid,13.590645790100098,completed,ft_clock_solver_sensitivity
linear_ft_beta_0_7_euler:ep499:nfe24:precision,linear_ft_beta_0_7_euler,cifar10,0,eval,499,linear,ft_linear_beta,beta,0.7,euler,24,24,12500,12500,precision,0.6499999761581421,completed,ft_clock_solver_sensitivity
linear_ft_beta_0_7_euler:ep499:nfe24:recall,linear_ft_beta_0_7_euler,cifar10,0,eval,499,linear,ft_linear_beta,beta,0.7,euler,24,24,12500,12500,recall,0.6225999593734741,completed,ft_clock_solver_sensitivity
linear_ft_beta_0_7_euler:ep499:nfe24:is_mean,linear_ft_beta_0_7_euler,cifar10,0,eval,499,linear,ft_linear_beta,beta,0.7,euler,24,24,12500,12500,is_mean,8.177067756652832,completed,ft_clock_solver_sensitivity
linear_ft_beta_0_7_euler:ep499:nfe24:is_std,linear_ft_beta_0_7_euler,cifar10,0,eval,499,linear,ft_linear_beta,beta,0.7,euler,24,24,12500,12500,is_std,0.13976657390594482,completed,ft_clock_solver_sensitivity
linear_ft_beta_0_7_euler:ep499:nfe30:fid,linear_ft_beta_0_7_euler,cifar10,0,eval,499,linear,ft_linear_beta,beta,0.7,euler,30,30,12500,12500,fid,11.370467185974121,completed,ft_clock_solver_sensitivity
linear_ft_beta_0_7_euler:ep499:nfe30:precision,linear_ft_beta_0_7_euler,cifar10,0,eval,499,linear,ft_linear_beta,beta,0.7,euler,30,30,12500,12500,precision,0.6658999919891357,completed,ft_clock_solver_sensitivity
linear_ft_beta_0_7_euler:ep499:nfe30:recall,linear_ft_beta_0_7_euler,cifar10,0,eval,499,linear,ft_linear_beta,beta,0.7,euler,30,30,12500,12500,recall,0.6347999572753906,completed,ft_clock_solver_sensitivity
linear_ft_beta_0_7_euler:ep499:nfe30:is_mean,linear_ft_beta_0_7_euler,cifar10,0,eval,499,linear,ft_linear_beta,beta,0.7,euler,30,30,12500,12500,is_mean,8.277029037475586,completed,ft_clock_solver_sensitivity
linear_ft_beta_0_7_euler:ep499:nfe30:is_std,linear_ft_beta_0_7_euler,cifar10,0,eval,499,linear,ft_linear_beta,beta,0.7,euler,30,30,12500,12500,is_std,0.1438707709312439,completed,ft_clock_solver_sensitivity
linear_ft_beta_0_7_euler:ep499:nfe48:fid,linear_ft_beta_0_7_euler,cifar10,0,eval,499,linear,ft_linear_beta,beta,0.7,euler,48,48,12500,12500,fid,9.072559356689453,completed,ft_clock_solver_sensitivity
linear_ft_beta_0_7_euler:ep499:nfe48:precision,linear_ft_beta_0_7_euler,cifar10,0,eval,499,linear,ft_linear_beta,beta,0.7,euler,48,48,12500,12500,precision,0.6748999953269958,completed,ft_clock_solver_sensitivity
linear_ft_beta_0_7_euler:ep499:nfe48:recall,linear_ft_beta_0_7_euler,cifar10,0,eval,499,linear,ft_linear_beta,beta,0.7,euler,48,48,12500,12500,recall,0.6568999886512756,completed,ft_clock_solver_sensitivity
linear_ft_beta_0_7_euler:ep499:nfe48:is_mean,linear_ft_beta_0_7_euler,cifar10,0,eval,499,linear,ft_linear_beta,beta,0.7,euler,48,48,12500,12500,is_mean,8.396693229675293,completed,ft_clock_solver_sensitivity
linear_ft_beta_0_7_euler:ep499:nfe48:is_std,linear_ft_beta_0_7_euler,cifar10,0,eval,499,linear,ft_linear_beta,beta,0.7,euler,48,48,12500,12500,is_std,0.1451009064912796,completed,ft_clock_solver_sensitivity
linear_ft_beta_0_7_euler:ep499:nfe96:fid,linear_ft_beta_0_7_euler,cifar10,0,eval,499,linear,ft_linear_beta,beta,0.7,euler,96,96,12500,12500,fid,8.086970329284668,completed,ft_clock_solver_sensitivity
linear_ft_beta_0_7_euler:ep499:nfe96:precision,linear_ft_beta_0_7_euler,cifar10,0,eval,499,linear,ft_linear_beta,beta,0.7,euler,96,96,12500,12500,precision,0.6786999702453613,completed,ft_clock_solver_sensitivity
linear_ft_beta_0_7_euler:ep499:nfe96:recall,linear_ft_beta_0_7_euler,cifar10,0,eval,499,linear,ft_linear_beta,beta,0.7,euler,96,96,12500,12500,recall,0.6570999622344971,completed,ft_clock_solver_sensitivity
linear_ft_beta_0_7_euler:ep499:nfe96:is_mean,linear_ft_beta_0_7_euler,cifar10,0,eval,499,linear,ft_linear_beta,beta,0.7,euler,96,96,12500,12500,is_mean,8.470629692077637,completed,ft_clock_solver_sensitivity
linear_ft_beta_0_7_euler:ep499:nfe96:is_std,linear_ft_beta_0_7_euler,cifar10,0,eval,499,linear,ft_linear_beta,beta,0.7,euler,96,96,12500,12500,is_std,0.10784179717302322,completed,ft_clock_solver_sensitivity
linear_ft_beta_0_7_heun2:ep499:nfe6:fid,linear_ft_beta_0_7_heun2,cifar10,0,eval,499,linear,ft_linear_beta,beta,0.7,heun2,6,3,12500,12500,fid,151.65306091308594,completed,ft_clock_solver_sensitivity
linear_ft_beta_0_7_heun2:ep499:nfe6:precision,linear_ft_beta_0_7_heun2,cifar10,0,eval,499,linear,ft_linear_beta,beta,0.7,heun2,6,3,12500,12500,precision,0.2777000069618225,completed,ft_clock_solver_sensitivity
linear_ft_beta_0_7_heun2:ep499:nfe6:recall,linear_ft_beta_0_7_heun2,cifar10,0,eval,499,linear,ft_linear_beta,beta,0.7,heun2,6,3,12500,12500,recall,0.25110000371932983,completed,ft_clock_solver_sensitivity
linear_ft_beta_0_7_heun2:ep499:nfe6:is_mean,linear_ft_beta_0_7_heun2,cifar10,0,eval,499,linear,ft_linear_beta,beta,0.7,heun2,6,3,12500,12500,is_mean,3.4920976161956787,completed,ft_clock_solver_sensitivity
linear_ft_beta_0_7_heun2:ep499:nfe6:is_std,linear_ft_beta_0_7_heun2,cifar10,0,eval,499,linear,ft_linear_beta,beta,0.7,heun2,6,3,12500,12500,is_std,0.03132297098636627,completed,ft_clock_solver_sensitivity
linear_ft_beta_0_7_heun2:ep499:nfe12:fid,linear_ft_beta_0_7_heun2,cifar10,0,eval,499,linear,ft_linear_beta,beta,0.7,heun2,12,6,12500,12500,fid,36.526912689208984,completed,ft_clock_solver_sensitivity
linear_ft_beta_0_7_heun2:ep499:nfe12:precision,linear_ft_beta_0_7_heun2,cifar10,0,eval,499,linear,ft_linear_beta,beta,0.7,heun2,12,6,12500,12500,precision,0.569599986076355,completed,ft_clock_solver_sensitivity
linear_ft_beta_0_7_heun2:ep499:nfe12:recall,linear_ft_beta_0_7_heun2,cifar10,0,eval,499,linear,ft_linear_beta,beta,0.7,heun2,12,6,12500,12500,recall,0.5091999769210815,completed,ft_clock_solver_sensitivity
linear_ft_beta_0_7_heun2:ep499:nfe12:is_mean,linear_ft_beta_0_7_heun2,cifar10,0,eval,499,linear,ft_linear_beta,beta,0.7,heun2,12,6,12500,12500,is_mean,7.846543788909912,completed,ft_clock_solver_sensitivity
linear_ft_beta_0_7_heun2:ep499:nfe12:is_std,linear_ft_beta_0_7_heun2,cifar10,0,eval,499,linear,ft_linear_beta,beta,0.7,heun2,12,6,12500,12500,is_std,0.09874192625284195,completed,ft_clock_solver_sensitivity
linear_ft_beta_0_7_heun2:ep499:nfe18:fid,linear_ft_beta_0_7_heun2,cifar10,0,eval,499,linear,ft_linear_beta,beta,0.7,heun2,18,9,12500,12500,fid,15.317255020141602,completed,ft_clock_solver_sensitivity
linear_ft_beta_0_7_heun2:ep499:nfe18:precision,linear_ft_beta_0_7_heun2,cifar10,0,eval,499,linear,ft_linear_beta,beta,0.7,heun2,18,9,12500,12500,precision,0.65829998254776,completed,ft_clock_solver_sensitivity
linear_ft_beta_0_7_heun2:ep499:nfe18:recall,linear_ft_beta_0_7_heun2,cifar10,0,eval,499,linear,ft_linear_beta,beta,0.7,heun2,18,9,12500,12500,recall,0.6119999885559082,completed,ft_clock_solver_sensitivity
linear_ft_beta_0_7_heun2:ep499:nfe18:is_mean,linear_ft_beta_0_7_heun2,cifar10,0,eval,499,linear,ft_linear_beta,beta,0.7,heun2,18,9,12500,12500,is_mean,8.468276023864746,completed,ft_clock_solver_sensitivity
linear_ft_beta_0_7_heun2:ep499:nfe18:is_std,linear_ft_beta_0_7_heun2,cifar10,0,eval,499,linear,ft_linear_beta,beta,0.7,heun2,18,9,12500,12500,is_std,0.10389290004968643,completed,ft_clock_solver_sensitivity
linear_ft_beta_0_7_heun2:ep499:nfe24:fid,linear_ft_beta_0_7_heun2,cifar10,0,eval,499,linear,ft_linear_beta,beta,0.7,heun2,24,12,12500,12500,fid,10.963340759277344,completed,ft_clock_solver_sensitivity
linear_ft_beta_0_7_heun2:ep499:nfe24:precision,linear_ft_beta_0_7_heun2,cifar10,0,eval,499,linear,ft_linear_beta,beta,0.7,heun2,24,12,12500,12500,precision,0.6669999957084656,completed,ft_clock_solver_sensitivity
linear_ft_beta_0_7_heun2:ep499:nfe24:recall,linear_ft_beta_0_7_heun2,cifar10,0,eval,499,linear,ft_linear_beta,beta,0.7,heun2,24,12,12500,12500,recall,0.6328999996185303,completed,ft_clock_solver_sensitivity
linear_ft_beta_0_7_heun2:ep499:nfe24:is_mean,linear_ft_beta_0_7_heun2,cifar10,0,eval,499,linear,ft_linear_beta,beta,0.7,heun2,24,12,12500,12500,is_mean,8.578790664672852,completed,ft_clock_solver_sensitivity
linear_ft_beta_0_7_heun2:ep499:nfe24:is_std,linear_ft_beta_0_7_heun2,cifar10,0,eval,499,linear,ft_linear_beta,beta,0.7,heun2,24,12,12500,12500,is_std,0.08905322104692459,completed,ft_clock_solver_sensitivity
linear_ft_beta_0_7_heun2:ep499:nfe30:fid,linear_ft_beta_0_7_heun2,cifar10,0,eval,499,linear,ft_linear_beta,beta,0.7,heun2,30,15,12500,12500,fid,9.450570106506348,completed,ft_clock_solver_sensitivity
linear_ft_beta_0_7_heun2:ep499:nfe30:precision,linear_ft_beta_0_7_heun2,cifar10,0,eval,499,linear,ft_linear_beta,beta,0.7,heun2,30,15,12500,12500,precision,0.6699999570846558,completed,ft_clock_solver_sensitivity
linear_ft_beta_0_7_heun2:ep499:nfe30:recall,linear_ft_beta_0_7_heun2,cifar10,0,eval,499,linear,ft_linear_beta,beta,0.7,heun2,30,15,12500,12500,recall,0.6513000130653381,completed,ft_clock_solver_sensitivity
linear_ft_beta_0_7_heun2:ep499:nfe30:is_mean,linear_ft_beta_0_7_heun2,cifar10,0,eval,499,linear,ft_linear_beta,beta,0.7,heun2,30,15,12500,12500,is_mean,8.588563919067383,completed,ft_clock_solver_sensitivity
linear_ft_beta_0_7_heun2:ep499:nfe30:is_std,linear_ft_beta_0_7_heun2,cifar10,0,eval,499,linear,ft_linear_beta,beta,0.7,heun2,30,15,12500,12500,is_std,0.11458758264780045,completed,ft_clock_solver_sensitivity
linear_ft_beta_0_7_heun2:ep499:nfe48:fid,linear_ft_beta_0_7_heun2,cifar10,0,eval,499,linear,ft_linear_beta,beta,0.7,heun2,48,24,12500,12500,fid,8.404610633850098,completed,ft_clock_solver_sensitivity
linear_ft_beta_0_7_heun2:ep499:nfe48:precision,linear_ft_beta_0_7_heun2,cifar10,0,eval,499,linear,ft_linear_beta,beta,0.7,heun2,48,24,12500,12500,precision,0.6784999966621399,completed,ft_clock_solver_sensitivity
linear_ft_beta_0_7_heun2:ep499:nfe48:recall,linear_ft_beta_0_7_heun2,cifar10,0,eval,499,linear,ft_linear_beta,beta,0.7,heun2,48,24,12500,12500,recall,0.6570999622344971,completed,ft_clock_solver_sensitivity
linear_ft_beta_0_7_heun2:ep499:nfe48:is_mean,linear_ft_beta_0_7_heun2,cifar10,0,eval,499,linear,ft_linear_beta,beta,0.7,heun2,48,24,12500,12500,is_mean,8.563984870910645,completed,ft_clock_solver_sensitivity
linear_ft_beta_0_7_heun2:ep499:nfe48:is_std,linear_ft_beta_0_7_heun2,cifar10,0,eval,499,linear,ft_linear_beta,beta,0.7,heun2,48,24,12500,12500,is_std,0.10293246060609818,completed,ft_clock_solver_sensitivity
linear_ft_beta_0_7_heun2:ep499:nfe96:fid,linear_ft_beta_0_7_heun2,cifar10,0,eval,499,linear,ft_linear_beta,beta,0.7,heun2,96,48,12500,12500,fid,8.11917781829834,completed,ft_clock_solver_sensitivity
linear_ft_beta_0_7_heun2:ep499:nfe96:precision,linear_ft_beta_0_7_heun2,cifar10,0,eval,499,linear,ft_linear_beta,beta,0.7,heun2,96,48,12500,12500,precision,0.6800999641418457,completed,ft_clock_solver_sensitivity
linear_ft_beta_0_7_heun2:ep499:nfe96:recall,linear_ft_beta_0_7_heun2,cifar10,0,eval,499,linear,ft_linear_beta,beta,0.7,heun2,96,48,12500,12500,recall,0.6563000082969666,completed,ft_clock_solver_sensitivity
linear_ft_beta_0_7_heun2:ep499:nfe96:is_mean,linear_ft_beta_0_7_heun2,cifar10,0,eval,499,linear,ft_linear_beta,beta,0.7,heun2,96,48,12500,12500,is_mean,8.565450668334961,completed,ft_clock_solver_sensitivity
linear_ft_beta_0_7_heun2:ep499:nfe96:is_std,linear_ft_beta_0_7_heun2,cifar10,0,eval,499,linear,ft_linear_beta,beta,0.7,heun2,96,48,12500,12500,is_std,0.12023358047008514,completed,ft_clock_solver_sensitivity
linear_ft_beta_0_7_rk3:ep499:nfe6:fid,linear_ft_beta_0_7_rk3,cifar10,0,eval,499,linear,ft_linear_beta,beta,0.7,rk3,6,2,12500,12500,fid,176.7203826904297,completed,ft_clock_solver_sensitivity
linear_ft_beta_0_7_rk3:ep499:nfe6:precision,linear_ft_beta_0_7_rk3,cifar10,0,eval,499,linear,ft_linear_beta,beta,0.7,rk3,6,2,12500,12500,precision,0.7030999660491943,completed,ft_clock_solver_sensitivity
linear_ft_beta_0_7_rk3:ep499:nfe6:recall,linear_ft_beta_0_7_rk3,cifar10,0,eval,499,linear,ft_linear_beta,beta,0.7,rk3,6,2,12500,12500,recall,0.10639999806880951,completed,ft_clock_solver_sensitivity
linear_ft_beta_0_7_rk3:ep499:nfe6:is_mean,linear_ft_beta_0_7_rk3,cifar10,0,eval,499,linear,ft_linear_beta,beta,0.7,rk3,6,2,12500,12500,is_mean,2.505685806274414,completed,ft_clock_solver_sensitivity
linear_ft_beta_0_7_rk3:ep499:nfe6:is_std,linear_ft_beta_0_7_rk3,cifar10,0,eval,499,linear,ft_linear_beta,beta,0.7,rk3,6,2,12500,12500,is_std,0.018278198316693306,completed,ft_clock_solver_sensitivity
linear_ft_beta_0_7_rk3:ep499:nfe12:fid,linear_ft_beta_0_7_rk3,cifar10,0,eval,499,linear,ft_linear_beta,beta,0.7,rk3,12,4,12500,12500,fid,30.692216873168945,completed,ft_clock_solver_sensitivity
linear_ft_beta_0_7_rk3:ep499:nfe12:precision,linear_ft_beta_0_7_rk3,cifar10,0,eval,499,linear,ft_linear_beta,beta,0.7,rk3,12,4,12500,12500,precision,0.5929999947547913,completed,ft_clock_solver_sensitivity
linear_ft_beta_0_7_rk3:ep499:nfe12:recall,linear_ft_beta_0_7_rk3,cifar10,0,eval,499,linear,ft_linear_beta,beta,0.7,rk3,12,4,12500,12500,recall,0.5232999920845032,completed,ft_clock_solver_sensitivity
linear_ft_beta_0_7_rk3:ep499:nfe12:is_mean,linear_ft_beta_0_7_rk3,cifar10,0,eval,499,linear,ft_linear_beta,beta,0.7,rk3,12,4,12500,12500,is_mean,7.961668491363525,completed,ft_clock_solver_sensitivity
linear_ft_beta_0_7_rk3:ep499:nfe12:is_std,linear_ft_beta_0_7_rk3,cifar10,0,eval,499,linear,ft_linear_beta,beta,0.7,rk3,12,4,12500,12500,is_std,0.0934557244181633,completed,ft_clock_solver_sensitivity
linear_ft_beta_0_7_rk3:ep499:nfe18:fid,linear_ft_beta_0_7_rk3,cifar10,0,eval,499,linear,ft_linear_beta,beta,0.7,rk3,18,6,12500,12500,fid,16.11803436279297,completed,ft_clock_solver_sensitivity
linear_ft_beta_0_7_rk3:ep499:nfe18:precision,linear_ft_beta_0_7_rk3,cifar10,0,eval,499,linear,ft_linear_beta,beta,0.7,rk3,18,6,12500,12500,precision,0.6212999820709229,completed,ft_clock_solver_sensitivity
linear_ft_beta_0_7_rk3:ep499:nfe18:recall,linear_ft_beta_0_7_rk3,cifar10,0,eval,499,linear,ft_linear_beta,beta,0.7,rk3,18,6,12500,12500,recall,0.6013000011444092,completed,ft_clock_solver_sensitivity
linear_ft_beta_0_7_rk3:ep499:nfe18:is_mean,linear_ft_beta_0_7_rk3,cifar10,0,eval,499,linear,ft_linear_beta,beta,0.7,rk3,18,6,12500,12500,is_mean,8.65816593170166,completed,ft_clock_solver_sensitivity
linear_ft_beta_0_7_rk3:ep499:nfe18:is_std,linear_ft_beta_0_7_rk3,cifar10,0,eval,499,linear,ft_linear_beta,beta,0.7,rk3,18,6,12500,12500,is_std,0.11350297182798386,completed,ft_clock_solver_sensitivity
linear_ft_beta_0_7_rk3:ep499:nfe24:fid,linear_ft_beta_0_7_rk3,cifar10,0,eval,499,linear,ft_linear_beta,beta,0.7,rk3,24,8,12500,12500,fid,11.654142379760742,completed,ft_clock_solver_sensitivity
linear_ft_beta_0_7_rk3:ep499:nfe24:precision,linear_ft_beta_0_7_rk3,cifar10,0,eval,499,linear,ft_linear_beta,beta,0.7,rk3,24,8,12500,12500,precision,0.6442999839782715,completed,ft_clock_solver_sensitivity
linear_ft_beta_0_7_rk3:ep499:nfe24:recall,linear_ft_beta_0_7_rk3,cifar10,0,eval,499,linear,ft_linear_beta,beta,0.7,rk3,24,8,12500,12500,recall,0.6398999691009521,completed,ft_clock_solver_sensitivity
linear_ft_beta_0_7_rk3:ep499:nfe24:is_mean,linear_ft_beta_0_7_rk3,cifar10,0,eval,499,linear,ft_linear_beta,beta,0.7,rk3,24,8,12500,12500,is_mean,8.728906631469727,completed,ft_clock_solver_sensitivity
linear_ft_beta_0_7_rk3:ep499:nfe24:is_std,linear_ft_beta_0_7_rk3,cifar10,0,eval,499,linear,ft_linear_beta,beta,0.7,rk3,24,8,12500,12500,is_std,0.11999112367630005,completed,ft_clock_solver_sensitivity
linear_ft_beta_0_7_rk3:ep499:nfe30:fid,linear_ft_beta_0_7_rk3,cifar10,0,eval,499,linear,ft_linear_beta,beta,0.7,rk3,30,10,12500,12500,fid,9.602690696716309,completed,ft_clock_solver_sensitivity
linear_ft_beta_0_7_rk3:ep499:nfe30:precision,linear_ft_beta_0_7_rk3,cifar10,0,eval,499,linear,ft_linear_beta,beta,0.7,rk3,30,10,12500,12500,precision,0.65829998254776,completed,ft_clock_solver_sensitivity
linear_ft_beta_0_7_rk3:ep499:nfe30:recall,linear_ft_beta_0_7_rk3,cifar10,0,eval,499,linear,ft_linear_beta,beta,0.7,rk3,30,10,12500,12500,recall,0.6523000001907349,completed,ft_clock_solver_sensitivity
linear_ft_beta_0_7_rk3:ep499:nfe30:is_mean,linear_ft_beta_0_7_rk3,cifar10,0,eval,499,linear,ft_linear_beta,beta,0.7,rk3,30,10,12500,12500,is_mean,8.713862419128418,completed,ft_clock_solver_sensitivity
linear_ft_beta_0_7_rk3:ep499:nfe30:is_std,linear_ft_beta_0_7_rk3,cifar10,0,eval,499,linear,ft_linear_beta,beta,0.7,rk3,30,10,12500,12500,is_std,0.1279514580965042,completed,ft_clock_solver_sensitivity
linear_ft_beta_0_7_rk3:ep499:nfe48:fid,linear_ft_beta_0_7_rk3,cifar10,0,eval,499,linear,ft_linear_beta,beta,0.7,rk3,48,16,12500,12500,fid,8.127963066101074,completed,ft_clock_solver_sensitivity
linear_ft_beta_0_7_rk3:ep499:nfe48:precision,linear_ft_beta_0_7_rk3,cifar10,0,eval,499,linear,ft_linear_beta,beta,0.7,rk3,48,16,12500,12500,precision,0.676099956035614,completed,ft_clock_solver_sensitivity
linear_ft_beta_0_7_rk3:ep499:nfe48:recall,linear_ft_beta_0_7_rk3,cifar10,0,eval,499,linear,ft_linear_beta,beta,0.7,rk3,48,16,12500,12500,recall,0.6538999676704407,completed,ft_clock_solver_sensitivity
linear_ft_beta_0_7_rk3:ep499:nfe48:is_mean,linear_ft_beta_0_7_rk3,cifar10,0,eval,499,linear,ft_linear_beta,beta,0.7,rk3,48,16,12500,12500,is_mean,8.585959434509277,completed,ft_clock_solver_sensitivity
linear_ft_beta_0_7_rk3:ep499:nfe48:is_std,linear_ft_beta_0_7_rk3,cifar10,0,eval,499,linear,ft_linear_beta,beta,0.7,rk3,48,16,12500,12500,is_std,0.13015928864479065,completed,ft_clock_solver_sensitivity
linear_ft_beta_0_7_rk3:ep499:nfe96:fid,linear_ft_beta_0_7_rk3,cifar10,0,eval,499,linear,ft_linear_beta,beta,0.7,rk3,96,32,12500,12500,fid,8.030203819274902,completed,ft_clock_solver_sensitivity
linear_ft_beta_0_7_rk3:ep499:nfe96:precision,linear_ft_beta_0_7_rk3,cifar10,0,eval,499,linear,ft_linear_beta,beta,0.7,rk3,96,32,12500,12500,precision,0.6800000071525574,completed,ft_clock_solver_sensitivity
linear_ft_beta_0_7_rk3:ep499:nfe96:recall,linear_ft_beta_0_7_rk3,cifar10,0,eval,499,linear,ft_linear_beta,beta,0.7,rk3,96,32,12500,12500,recall,0.6574000120162964,completed,ft_clock_solver_sensitivity
linear_ft_beta_0_7_rk3:ep499:nfe96:is_mean,linear_ft_beta_0_7_rk3,cifar10,0,eval,499,linear,ft_linear_beta,beta,0.7,rk3,96,32,12500,12500,is_mean,8.558959007263184,completed,ft_clock_solver_sensitivity
linear_ft_beta_0_7_rk3:ep499:nfe96:is_std,linear_ft_beta_0_7_rk3,cifar10,0,eval,499,linear,ft_linear_beta,beta,0.7,rk3,96,32,12500,12500,is_std,0.12803101539611816,completed,ft_clock_solver_sensitivity
linear_ft_beta_0_7_stork4:ep499:nfe6:fid,linear_ft_beta_0_7_stork4,cifar10,0,eval,499,linear,ft_linear_beta,beta,0.7,stork4,6,6,12500,12500,fid,30.304866790771484,completed,ft_clock_solver_sensitivity
linear_ft_beta_0_7_stork4:ep499:nfe6:precision,linear_ft_beta_0_7_stork4,cifar10,0,eval,499,linear,ft_linear_beta,beta,0.7,stork4,6,6,12500,12500,precision,0.5938999652862549,completed,ft_clock_solver_sensitivity
linear_ft_beta_0_7_stork4:ep499:nfe6:recall,linear_ft_beta_0_7_stork4,cifar10,0,eval,499,linear,ft_linear_beta,beta,0.7,stork4,6,6,12500,12500,recall,0.578000009059906,completed,ft_clock_solver_sensitivity
linear_ft_beta_0_7_stork4:ep499:nfe6:is_mean,linear_ft_beta_0_7_stork4,cifar10,0,eval,499,linear,ft_linear_beta,beta,0.7,stork4,6,6,12500,12500,is_mean,7.222470760345459,completed,ft_clock_solver_sensitivity
linear_ft_beta_0_7_stork4:ep499:nfe6:is_std,linear_ft_beta_0_7_stork4,cifar10,0,eval,499,linear,ft_linear_beta,beta,0.7,stork4,6,6,12500,12500,is_std,0.09645584970712662,completed,ft_clock_solver_sensitivity
linear_ft_beta_0_7_stork4:ep499:nfe8:fid,linear_ft_beta_0_7_stork4,cifar10,0,eval,499,linear,ft_linear_beta,beta,0.7,stork4,8,8,12500,12500,fid,19.573139190673828,completed,ft_clock_solver_sensitivity
linear_ft_beta_0_7_stork4:ep499:nfe8:precision,linear_ft_beta_0_7_stork4,cifar10,0,eval,499,linear,ft_linear_beta,beta,0.7,stork4,8,8,12500,12500,precision,0.648099958896637,completed,ft_clock_solver_sensitivity
linear_ft_beta_0_7_stork4:ep499:nfe8:recall,linear_ft_beta_0_7_stork4,cifar10,0,eval,499,linear,ft_linear_beta,beta,0.7,stork4,8,8,12500,12500,recall,0.6083999872207642,completed,ft_clock_solver_sensitivity
linear_ft_beta_0_7_stork4:ep499:nfe8:is_mean,linear_ft_beta_0_7_stork4,cifar10,0,eval,499,linear,ft_linear_beta,beta,0.7,stork4,8,8,12500,12500,is_mean,7.7531938552856445,completed,ft_clock_solver_sensitivity
linear_ft_beta_0_7_stork4:ep499:nfe8:is_std,linear_ft_beta_0_7_stork4,cifar10,0,eval,499,linear,ft_linear_beta,beta,0.7,stork4,8,8,12500,12500,is_std,0.06857837736606598,completed,ft_clock_solver_sensitivity
linear_ft_beta_0_7_stork4:ep499:nfe10:fid,linear_ft_beta_0_7_stork4,cifar10,0,eval,499,linear,ft_linear_beta,beta,0.7,stork4,10,10,12500,12500,fid,14.741654396057129,completed,ft_clock_solver_sensitivity
linear_ft_beta_0_7_stork4:ep499:nfe10:precision,linear_ft_beta_0_7_stork4,cifar10,0,eval,499,linear,ft_linear_beta,beta,0.7,stork4,10,10,12500,12500,precision,0.6748999953269958,completed,ft_clock_solver_sensitivity
linear_ft_beta_0_7_stork4:ep499:nfe10:recall,linear_ft_beta_0_7_stork4,cifar10,0,eval,499,linear,ft_linear_beta,beta,0.7,stork4,10,10,12500,12500,recall,0.6250999569892883,completed,ft_clock_solver_sensitivity
linear_ft_beta_0_7_stork4:ep499:nfe10:is_mean,linear_ft_beta_0_7_stork4,cifar10,0,eval,499,linear,ft_linear_beta,beta,0.7,stork4,10,10,12500,12500,is_mean,8.062966346740723,completed,ft_clock_solver_sensitivity
linear_ft_beta_0_7_stork4:ep499:nfe10:is_std,linear_ft_beta_0_7_stork4,cifar10,0,eval,499,linear,ft_linear_beta,beta,0.7,stork4,10,10,12500,12500,is_std,0.11197495460510254,completed,ft_clock_solver_sensitivity
linear_ft_beta_0_7_stork4:ep499:nfe12:fid,linear_ft_beta_0_7_stork4,cifar10,0,eval,499,linear,ft_linear_beta,beta,0.7,stork4,12,12,12500,12500,fid,12.296107292175293,completed,ft_clock_solver_sensitivity
linear_ft_beta_0_7_stork4:ep499:nfe12:precision,linear_ft_beta_0_7_stork4,cifar10,0,eval,499,linear,ft_linear_beta,beta,0.7,stork4,12,12,12500,12500,precision,0.6773999929428101,completed,ft_clock_solver_sensitivity
linear_ft_beta_0_7_stork4:ep499:nfe12:recall,linear_ft_beta_0_7_stork4,cifar10,0,eval,499,linear,ft_linear_beta,beta,0.7,stork4,12,12,12500,12500,recall,0.6340000033378601,completed,ft_clock_solver_sensitivity
linear_ft_beta_0_7_stork4:ep499:nfe12:is_mean,linear_ft_beta_0_7_stork4,cifar10,0,eval,499,linear,ft_linear_beta,beta,0.7,stork4,12,12,12500,12500,is_mean,8.222403526306152,completed,ft_clock_solver_sensitivity
linear_ft_beta_0_7_stork4:ep499:nfe12:is_std,linear_ft_beta_0_7_stork4,cifar10,0,eval,499,linear,ft_linear_beta,beta,0.7,stork4,12,12,12500,12500,is_std,0.10905212163925171,completed,ft_clock_solver_sensitivity
linear_ft_beta_0_7_stork4:ep499:nfe18:fid,linear_ft_beta_0_7_stork4,cifar10,0,eval,499,linear,ft_linear_beta,beta,0.7,stork4,18,18,12500,12500,fid,9.75304126739502,completed,ft_clock_solver_sensitivity
linear_ft_beta_0_7_stork4:ep499:nfe18:precision,linear_ft_beta_0_7_stork4,cifar10,0,eval,499,linear,ft_linear_beta,beta,0.7,stork4,18,18,12500,12500,precision,0.6685000061988831,completed,ft_clock_solver_sensitivity
linear_ft_beta_0_7_stork4:ep499:nfe18:recall,linear_ft_beta_0_7_stork4,cifar10,0,eval,499,linear,ft_linear_beta,beta,0.7,stork4,18,18,12500,12500,recall,0.6548999547958374,completed,ft_clock_solver_sensitivity
linear_ft_beta_0_7_stork4:ep499:nfe18:is_mean,linear_ft_beta_0_7_stork4,cifar10,0,eval,499,linear,ft_linear_beta,beta,0.7,stork4,18,18,12500,12500,is_mean,8.495538711547852,completed,ft_clock_solver_sensitivity
linear_ft_beta_0_7_stork4:ep499:nfe18:is_std,linear_ft_beta_0_7_stork4,cifar10,0,eval,499,linear,ft_linear_beta,beta,0.7,stork4,18,18,12500,12500,is_std,0.11170138418674469,completed,ft_clock_solver_sensitivity
linear_ft_beta_0_7_stork4:ep499:nfe20:fid,linear_ft_beta_0_7_stork4,cifar10,0,eval,499,linear,ft_linear_beta,beta,0.7,stork4,20,20,12500,12500,fid,9.44694709777832,completed,ft_clock_solver_sensitivity
linear_ft_beta_0_7_stork4:ep499:nfe20:precision,linear_ft_beta_0_7_stork4,cifar10,0,eval,499,linear,ft_linear_beta,beta,0.7,stork4,20,20,12500,12500,precision,0.6694999933242798,completed,ft_clock_solver_sensitivity
linear_ft_beta_0_7_stork4:ep499:nfe20:recall,linear_ft_beta_0_7_stork4,cifar10,0,eval,499,linear,ft_linear_beta,beta,0.7,stork4,20,20,12500,12500,recall,0.6570999622344971,completed,ft_clock_solver_sensitivity
linear_ft_beta_0_7_stork4:ep499:nfe20:is_mean,linear_ft_beta_0_7_stork4,cifar10,0,eval,499,linear,ft_linear_beta,beta,0.7,stork4,20,20,12500,12500,is_mean,8.530803680419922,completed,ft_clock_solver_sensitivity
linear_ft_beta_0_7_stork4:ep499:nfe20:is_std,linear_ft_beta_0_7_stork4,cifar10,0,eval,499,linear,ft_linear_beta,beta,0.7,stork4,20,20,12500,12500,is_std,0.12808012962341309,completed,ft_clock_solver_sensitivity
linear_ft_beta_0_7_stork4:ep499:nfe24:fid,linear_ft_beta_0_7_stork4,cifar10,0,eval,499,linear,ft_linear_beta,beta,0.7,stork4,24,24,12500,12500,fid,9.065449714660645,completed,ft_clock_solver_sensitivity
linear_ft_beta_0_7_stork4:ep499:nfe24:precision,linear_ft_beta_0_7_stork4,cifar10,0,eval,499,linear,ft_linear_beta,beta,0.7,stork4,24,24,12500,12500,precision,0.6736999750137329,completed,ft_clock_solver_sensitivity
linear_ft_beta_0_7_stork4:ep499:nfe24:recall,linear_ft_beta_0_7_stork4,cifar10,0,eval,499,linear,ft_linear_beta,beta,0.7,stork4,24,24,12500,12500,recall,0.6531999707221985,completed,ft_clock_solver_sensitivity
linear_ft_beta_0_7_stork4:ep499:nfe24:is_mean,linear_ft_beta_0_7_stork4,cifar10,0,eval,499,linear,ft_linear_beta,beta,0.7,stork4,24,24,12500,12500,is_mean,8.56030559539795,completed,ft_clock_solver_sensitivity
linear_ft_beta_0_7_stork4:ep499:nfe24:is_std,linear_ft_beta_0_7_stork4,cifar10,0,eval,499,linear,ft_linear_beta,beta,0.7,stork4,24,24,12500,12500,is_std,0.1190490871667862,completed,ft_clock_solver_sensitivity
linear_ft_beta_0_7_stork4:ep499:nfe30:fid,linear_ft_beta_0_7_stork4,cifar10,0,eval,499,linear,ft_linear_beta,beta,0.7,stork4,30,30,12500,12500,fid,8.683366775512695,completed,ft_clock_solver_sensitivity
linear_ft_beta_0_7_stork4:ep499:nfe30:precision,linear_ft_beta_0_7_stork4,cifar10,0,eval,499,linear,ft_linear_beta,beta,0.7,stork4,30,30,12500,12500,precision,0.6728000044822693,completed,ft_clock_solver_sensitivity
linear_ft_beta_0_7_stork4:ep499:nfe30:recall,linear_ft_beta_0_7_stork4,cifar10,0,eval,499,linear,ft_linear_beta,beta,0.7,stork4,30,30,12500,12500,recall,0.6559000015258789,completed,ft_clock_solver_sensitivity
linear_ft_beta_0_7_stork4:ep499:nfe30:is_mean,linear_ft_beta_0_7_stork4,cifar10,0,eval,499,linear,ft_linear_beta,beta,0.7,stork4,30,30,12500,12500,is_mean,8.572397232055664,completed,ft_clock_solver_sensitivity
linear_ft_beta_0_7_stork4:ep499:nfe30:is_std,linear_ft_beta_0_7_stork4,cifar10,0,eval,499,linear,ft_linear_beta,beta,0.7,stork4,30,30,12500,12500,is_std,0.11922069638967514,completed,ft_clock_solver_sensitivity
linear_ft_beta_0_7_stork4:ep499:nfe48:fid,linear_ft_beta_0_7_stork4,cifar10,0,eval,499,linear,ft_linear_beta,beta,0.7,stork4,48,48,12500,12500,fid,8.264972686767578,completed,ft_clock_solver_sensitivity
linear_ft_beta_0_7_stork4:ep499:nfe48:precision,linear_ft_beta_0_7_stork4,cifar10,0,eval,499,linear,ft_linear_beta,beta,0.7,stork4,48,48,12500,12500,precision,0.6780999898910522,completed,ft_clock_solver_sensitivity
linear_ft_beta_0_7_stork4:ep499:nfe48:recall,linear_ft_beta_0_7_stork4,cifar10,0,eval,499,linear,ft_linear_beta,beta,0.7,stork4,48,48,12500,12500,recall,0.6565999984741211,completed,ft_clock_solver_sensitivity
linear_ft_beta_0_7_stork4:ep499:nfe48:is_mean,linear_ft_beta_0_7_stork4,cifar10,0,eval,499,linear,ft_linear_beta,beta,0.7,stork4,48,48,12500,12500,is_mean,8.576321601867676,completed,ft_clock_solver_sensitivity
linear_ft_beta_0_7_stork4:ep499:nfe48:is_std,linear_ft_beta_0_7_stork4,cifar10,0,eval,499,linear,ft_linear_beta,beta,0.7,stork4,48,48,12500,12500,is_std,0.12104227393865585,completed,ft_clock_solver_sensitivity
linear_ft_beta_0_7_stork4:ep499:nfe50:fid,linear_ft_beta_0_7_stork4,cifar10,0,eval,499,linear,ft_linear_beta,beta,0.7,stork4,50,50,12500,12500,fid,8.242521286010742,completed,ft_clock_solver_sensitivity
linear_ft_beta_0_7_stork4:ep499:nfe50:precision,linear_ft_beta_0_7_stork4,cifar10,0,eval,499,linear,ft_linear_beta,beta,0.7,stork4,50,50,12500,12500,precision,0.6794999837875366,completed,ft_clock_solver_sensitivity
linear_ft_beta_0_7_stork4:ep499:nfe50:recall,linear_ft_beta_0_7_stork4,cifar10,0,eval,499,linear,ft_linear_beta,beta,0.7,stork4,50,50,12500,12500,recall,0.6579999923706055,completed,ft_clock_solver_sensitivity
linear_ft_beta_0_7_stork4:ep499:nfe50:is_mean,linear_ft_beta_0_7_stork4,cifar10,0,eval,499,linear,ft_linear_beta,beta,0.7,stork4,50,50,12500,12500,is_mean,8.575248718261719,completed,ft_clock_solver_sensitivity
linear_ft_beta_0_7_stork4:ep499:nfe50:is_std,linear_ft_beta_0_7_stork4,cifar10,0,eval,499,linear,ft_linear_beta,beta,0.7,stork4,50,50,12500,12500,is_std,0.1256798505783081,completed,ft_clock_solver_sensitivity
linear_ft_beta_0_7_stork4:ep499:nfe96:fid,linear_ft_beta_0_7_stork4,cifar10,0,eval,499,linear,ft_linear_beta,beta,0.7,stork4,96,96,12500,12500,fid,8.080428123474121,completed,ft_clock_solver_sensitivity
linear_ft_beta_0_7_stork4:ep499:nfe96:precision,linear_ft_beta_0_7_stork4,cifar10,0,eval,499,linear,ft_linear_beta,beta,0.7,stork4,96,96,12500,12500,precision,0.680899977684021,completed,ft_clock_solver_sensitivity
linear_ft_beta_0_7_stork4:ep499:nfe96:recall,linear_ft_beta_0_7_stork4,cifar10,0,eval,499,linear,ft_linear_beta,beta,0.7,stork4,96,96,12500,12500,recall,0.6574000120162964,completed,ft_clock_solver_sensitivity
linear_ft_beta_0_7_stork4:ep499:nfe96:is_mean,linear_ft_beta_0_7_stork4,cifar10,0,eval,499,linear,ft_linear_beta,beta,0.7,stork4,96,96,12500,12500,is_mean,8.55991268157959,completed,ft_clock_solver_sensitivity
linear_ft_beta_0_7_stork4:ep499:nfe96:is_std,linear_ft_beta_0_7_stork4,cifar10,0,eval,499,linear,ft_linear_beta,beta,0.7,stork4,96,96,12500,12500,is_std,0.1229814738035202,completed,ft_clock_solver_sensitivity
trig_vp_uniform_euler:ep499:nfe6:fid,trig_vp_uniform_euler,cifar10,0,eval,499,trig_vp,uniform,none,,euler,6,6,12500,12500,fid,92.48600006103516,completed,ft_clock_solver_sensitivity
trig_vp_uniform_euler:ep499:nfe6:precision,trig_vp_uniform_euler,cifar10,0,eval,499,trig_vp,uniform,none,,euler,6,6,12500,12500,precision,0.47859999537467957,completed,ft_clock_solver_sensitivity
trig_vp_uniform_euler:ep499:nfe6:recall,trig_vp_uniform_euler,cifar10,0,eval,499,trig_vp,uniform,none,,euler,6,6,12500,12500,recall,0.2590999901294708,completed,ft_clock_solver_sensitivity
trig_vp_uniform_euler:ep499:nfe6:is_mean,trig_vp_uniform_euler,cifar10,0,eval,499,trig_vp,uniform,none,,euler,6,6,12500,12500,is_mean,5.812882423400879,completed,ft_clock_solver_sensitivity
trig_vp_uniform_euler:ep499:nfe6:is_std,trig_vp_uniform_euler,cifar10,0,eval,499,trig_vp,uniform,none,,euler,6,6,12500,12500,is_std,0.0590687021613121,completed,ft_clock_solver_sensitivity
trig_vp_uniform_euler:ep499:nfe12:fid,trig_vp_uniform_euler,cifar10,0,eval,499,trig_vp,uniform,none,,euler,12,12,12500,12500,fid,33.00847244262695,completed,ft_clock_solver_sensitivity
trig_vp_uniform_euler:ep499:nfe12:precision,trig_vp_uniform_euler,cifar10,0,eval,499,trig_vp,uniform,none,,euler,12,12,12500,12500,precision,0.5080999732017517,completed,ft_clock_solver_sensitivity
trig_vp_uniform_euler:ep499:nfe12:recall,trig_vp_uniform_euler,cifar10,0,eval,499,trig_vp,uniform,none,,euler,12,12,12500,12500,recall,0.5198000073432922,completed,ft_clock_solver_sensitivity
trig_vp_uniform_euler:ep499:nfe12:is_mean,trig_vp_uniform_euler,cifar10,0,eval,499,trig_vp,uniform,none,,euler,12,12,12500,12500,is_mean,9.12028694152832,completed,ft_clock_solver_sensitivity
trig_vp_uniform_euler:ep499:nfe12:is_std,trig_vp_uniform_euler,cifar10,0,eval,499,trig_vp,uniform,none,,euler,12,12,12500,12500,is_std,0.09137913584709167,completed,ft_clock_solver_sensitivity
trig_vp_uniform_euler:ep499:nfe18:fid,trig_vp_uniform_euler,cifar10,0,eval,499,trig_vp,uniform,none,,euler,18,18,12500,12500,fid,16.939220428466797,completed,ft_clock_solver_sensitivity
trig_vp_uniform_euler:ep499:nfe18:precision,trig_vp_uniform_euler,cifar10,0,eval,499,trig_vp,uniform,none,,euler,18,18,12500,12500,precision,0.5773999691009521,completed,ft_clock_solver_sensitivity
trig_vp_uniform_euler:ep499:nfe18:recall,trig_vp_uniform_euler,cifar10,0,eval,499,trig_vp,uniform,none,,euler,18,18,12500,12500,recall,0.6180999875068665,completed,ft_clock_solver_sensitivity
trig_vp_uniform_euler:ep499:nfe18:is_mean,trig_vp_uniform_euler,cifar10,0,eval,499,trig_vp,uniform,none,,euler,18,18,12500,12500,is_mean,9.55419635772705,completed,ft_clock_solver_sensitivity
trig_vp_uniform_euler:ep499:nfe18:is_std,trig_vp_uniform_euler,cifar10,0,eval,499,trig_vp,uniform,none,,euler,18,18,12500,12500,is_std,0.11058355867862701,completed,ft_clock_solver_sensitivity
trig_vp_uniform_euler:ep499:nfe24:fid,trig_vp_uniform_euler,cifar10,0,eval,499,trig_vp,uniform,none,,euler,24,24,12500,12500,fid,10.474726676940918,completed,ft_clock_solver_sensitivity
trig_vp_uniform_euler:ep499:nfe24:precision,trig_vp_uniform_euler,cifar10,0,eval,499,trig_vp,uniform,none,,euler,24,24,12500,12500,precision,0.6259999871253967,completed,ft_clock_solver_sensitivity
trig_vp_uniform_euler:ep499:nfe24:recall,trig_vp_uniform_euler,cifar10,0,eval,499,trig_vp,uniform,none,,euler,24,24,12500,12500,recall,0.6547999978065491,completed,ft_clock_solver_sensitivity
trig_vp_uniform_euler:ep499:nfe24:is_mean,trig_vp_uniform_euler,cifar10,0,eval,499,trig_vp,uniform,none,,euler,24,24,12500,12500,is_mean,9.515742301940918,completed,ft_clock_solver_sensitivity
trig_vp_uniform_euler:ep499:nfe24:is_std,trig_vp_uniform_euler,cifar10,0,eval,499,trig_vp,uniform,none,,euler,24,24,12500,12500,is_std,0.10284555703401566,completed,ft_clock_solver_sensitivity
trig_vp_uniform_euler:ep499:nfe30:fid,trig_vp_uniform_euler,cifar10,0,eval,499,trig_vp,uniform,none,,euler,30,30,12500,12500,fid,7.867336273193359,completed,ft_clock_solver_sensitivity
trig_vp_uniform_euler:ep499:nfe30:precision,trig_vp_uniform_euler,cifar10,0,eval,499,trig_vp,uniform,none,,euler,30,30,12500,12500,precision,0.6432999968528748,completed,ft_clock_solver_sensitivity
trig_vp_uniform_euler:ep499:nfe30:recall,trig_vp_uniform_euler,cifar10,0,eval,499,trig_vp,uniform,none,,euler,30,30,12500,12500,recall,0.6672999858856201,completed,ft_clock_solver_sensitivity
trig_vp_uniform_euler:ep499:nfe30:is_mean,trig_vp_uniform_euler,cifar10,0,eval,499,trig_vp,uniform,none,,euler,30,30,12500,12500,is_mean,9.398955345153809,completed,ft_clock_solver_sensitivity
trig_vp_uniform_euler:ep499:nfe30:is_std,trig_vp_uniform_euler,cifar10,0,eval,499,trig_vp,uniform,none,,euler,30,30,12500,12500,is_std,0.09839203953742981,completed,ft_clock_solver_sensitivity
trig_vp_uniform_euler:ep499:nfe48:fid,trig_vp_uniform_euler,cifar10,0,eval,499,trig_vp,uniform,none,,euler,48,48,12500,12500,fid,6.266444206237793,completed,ft_clock_solver_sensitivity
trig_vp_uniform_euler:ep499:nfe48:precision,trig_vp_uniform_euler,cifar10,0,eval,499,trig_vp,uniform,none,,euler,48,48,12500,12500,precision,0.670699954032898,completed,ft_clock_solver_sensitivity
trig_vp_uniform_euler:ep499:nfe48:recall,trig_vp_uniform_euler,cifar10,0,eval,499,trig_vp,uniform,none,,euler,48,48,12500,12500,recall,0.6739000082015991,completed,ft_clock_solver_sensitivity
trig_vp_uniform_euler:ep499:nfe48:is_mean,trig_vp_uniform_euler,cifar10,0,eval,499,trig_vp,uniform,none,,euler,48,48,12500,12500,is_mean,9.139638900756836,completed,ft_clock_solver_sensitivity
trig_vp_uniform_euler:ep499:nfe48:is_std,trig_vp_uniform_euler,cifar10,0,eval,499,trig_vp,uniform,none,,euler,48,48,12500,12500,is_std,0.12994159758090973,completed,ft_clock_solver_sensitivity
trig_vp_uniform_euler:ep499:nfe96:fid,trig_vp_uniform_euler,cifar10,0,eval,499,trig_vp,uniform,none,,euler,96,96,12500,12500,fid,6.263241291046143,completed,ft_clock_solver_sensitivity
trig_vp_uniform_euler:ep499:nfe96:precision,trig_vp_uniform_euler,cifar10,0,eval,499,trig_vp,uniform,none,,euler,96,96,12500,12500,precision,0.6832000017166138,completed,ft_clock_solver_sensitivity
trig_vp_uniform_euler:ep499:nfe96:recall,trig_vp_uniform_euler,cifar10,0,eval,499,trig_vp,uniform,none,,euler,96,96,12500,12500,recall,0.6718999743461609,completed,ft_clock_solver_sensitivity
trig_vp_uniform_euler:ep499:nfe96:is_mean,trig_vp_uniform_euler,cifar10,0,eval,499,trig_vp,uniform,none,,euler,96,96,12500,12500,is_mean,8.97857666015625,completed,ft_clock_solver_sensitivity
trig_vp_uniform_euler:ep499:nfe96:is_std,trig_vp_uniform_euler,cifar10,0,eval,499,trig_vp,uniform,none,,euler,96,96,12500,12500,is_std,0.12743352353572845,completed,ft_clock_solver_sensitivity
trig_vp_uniform_heun2:ep499:nfe6:fid,trig_vp_uniform_heun2,cifar10,0,eval,499,trig_vp,uniform,none,,heun2,6,3,12500,12500,fid,51.72676467895508,completed,ft_clock_solver_sensitivity
trig_vp_uniform_heun2:ep499:nfe6:precision,trig_vp_uniform_heun2,cifar10,0,eval,499,trig_vp,uniform,none,,heun2,6,3,12500,12500,precision,0.6365999579429626,completed,ft_clock_solver_sensitivity
trig_vp_uniform_heun2:ep499:nfe6:recall,trig_vp_uniform_heun2,cifar10,0,eval,499,trig_vp,uniform,none,,heun2,6,3,12500,12500,recall,0.4145999848842621,completed,ft_clock_solver_sensitivity
trig_vp_uniform_heun2:ep499:nfe6:is_mean,trig_vp_uniform_heun2,cifar10,0,eval,499,trig_vp,uniform,none,,heun2,6,3,12500,12500,is_mean,6.443610668182373,completed,ft_clock_solver_sensitivity
trig_vp_uniform_heun2:ep499:nfe6:is_std,trig_vp_uniform_heun2,cifar10,0,eval,499,trig_vp,uniform,none,,heun2,6,3,12500,12500,is_std,0.06963341683149338,completed,ft_clock_solver_sensitivity
trig_vp_uniform_heun2:ep499:nfe12:fid,trig_vp_uniform_heun2,cifar10,0,eval,499,trig_vp,uniform,none,,heun2,12,6,12500,12500,fid,69.48211669921875,completed,ft_clock_solver_sensitivity
trig_vp_uniform_heun2:ep499:nfe12:precision,trig_vp_uniform_heun2,cifar10,0,eval,499,trig_vp,uniform,none,,heun2,12,6,12500,12500,precision,0.37129998207092285,completed,ft_clock_solver_sensitivity
trig_vp_uniform_heun2:ep499:nfe12:recall,trig_vp_uniform_heun2,cifar10,0,eval,499,trig_vp,uniform,none,,heun2,12,6,12500,12500,recall,0.38920000195503235,completed,ft_clock_solver_sensitivity
trig_vp_uniform_heun2:ep499:nfe12:is_mean,trig_vp_uniform_heun2,cifar10,0,eval,499,trig_vp,uniform,none,,heun2,12,6,12500,12500,is_mean,7.355739116668701,completed,ft_clock_solver_sensitivity
trig_vp_uniform_heun2:ep499:nfe12:is_std,trig_vp_uniform_heun2,cifar10,0,eval,499,trig_vp,uniform,none,,heun2,12,6,12500,12500,is_std,0.12531842291355133,completed,ft_clock_solver_sensitivity
trig_vp_uniform_heun2:ep499:nfe18:fid,trig_vp_uniform_heun2,cifar10,0,eval,499,trig_vp,uniform,none,,heun2,18,9,12500,12500,fid,54.536888122558594,completed,ft_clock_solver_sensitivity
trig_vp_uniform_heun2:ep499:nfe18:precision,trig_vp_uniform_heun2,cifar10,0,eval,499,trig_vp,uniform,none,,heun2,18,9,12500,12500,precision,0.3434000015258789,completed,ft_clock_solver_sensitivity
trig_vp_uniform_heun2:ep499:nfe18:recall,trig_vp_uniform_heun2,cifar10,0,eval,499,trig_vp,uniform,none,,heun2,18,9,12500,12500,recall,0.4812999963760376,completed,ft_clock_solver_sensitivity
trig_vp_uniform_heun2:ep499:nfe18:is_mean,trig_vp_uniform_heun2,cifar10,0,eval,499,trig_vp,uniform,none,,heun2,18,9,12500,12500,is_mean,8.704370498657227,completed,ft_clock_solver_sensitivity
trig_vp_uniform_heun2:ep499:nfe18:is_std,trig_vp_uniform_heun2,cifar10,0,eval,499,trig_vp,uniform,none,,heun2,18,9,12500,12500,is_std,0.11200788617134094,completed,ft_clock_solver_sensitivity
trig_vp_uniform_heun2:ep499:nfe24:fid,trig_vp_uniform_heun2,cifar10,0,eval,499,trig_vp,uniform,none,,heun2,24,12,12500,12500,fid,43.43906021118164,completed,ft_clock_solver_sensitivity
trig_vp_uniform_heun2:ep499:nfe24:precision,trig_vp_uniform_heun2,cifar10,0,eval,499,trig_vp,uniform,none,,heun2,24,12,12500,12500,precision,0.37939998507499695,completed,ft_clock_solver_sensitivity
trig_vp_uniform_heun2:ep499:nfe24:recall,trig_vp_uniform_heun2,cifar10,0,eval,499,trig_vp,uniform,none,,heun2,24,12,12500,12500,recall,0.5342999696731567,completed,ft_clock_solver_sensitivity
trig_vp_uniform_heun2:ep499:nfe24:is_mean,trig_vp_uniform_heun2,cifar10,0,eval,499,trig_vp,uniform,none,,heun2,24,12,12500,12500,is_mean,9.319880485534668,completed,ft_clock_solver_sensitivity
trig_vp_uniform_heun2:ep499:nfe24:is_std,trig_vp_uniform_heun2,cifar10,0,eval,499,trig_vp,uniform,none,,heun2,24,12,12500,12500,is_std,0.15299810469150543,completed,ft_clock_solver_sensitivity
trig_vp_uniform_heun2:ep499:nfe30:fid,trig_vp_uniform_heun2,cifar10,0,eval,499,trig_vp,uniform,none,,heun2,30,15,12500,12500,fid,35.50239944458008,completed,ft_clock_solver_sensitivity
trig_vp_uniform_heun2:ep499:nfe30:precision,trig_vp_uniform_heun2,cifar10,0,eval,499,trig_vp,uniform,none,,heun2,30,15,12500,12500,precision,0.4258999824523926,completed,ft_clock_solver_sensitivity
trig_vp_uniform_heun2:ep499:nfe30:recall,trig_vp_uniform_heun2,cifar10,0,eval,499,trig_vp,uniform,none,,heun2,30,15,12500,12500,recall,0.5644999742507935,completed,ft_clock_solver_sensitivity
trig_vp_uniform_heun2:ep499:nfe30:is_mean,trig_vp_uniform_heun2,cifar10,0,eval,499,trig_vp,uniform,none,,heun2,30,15,12500,12500,is_mean,9.586709976196289,completed,ft_clock_solver_sensitivity
trig_vp_uniform_heun2:ep499:nfe30:is_std,trig_vp_uniform_heun2,cifar10,0,eval,499,trig_vp,uniform,none,,heun2,30,15,12500,12500,is_std,0.169809490442276,completed,ft_clock_solver_sensitivity
trig_vp_uniform_heun2:ep499:nfe48:fid,trig_vp_uniform_heun2,cifar10,0,eval,499,trig_vp,uniform,none,,heun2,48,24,12500,12500,fid,21.551034927368164,completed,ft_clock_solver_sensitivity
trig_vp_uniform_heun2:ep499:nfe48:precision,trig_vp_uniform_heun2,cifar10,0,eval,499,trig_vp,uniform,none,,heun2,48,24,12500,12500,precision,0.5205000042915344,completed,ft_clock_solver_sensitivity
trig_vp_uniform_heun2:ep499:nfe48:recall,trig_vp_uniform_heun2,cifar10,0,eval,499,trig_vp,uniform,none,,heun2,48,24,12500,12500,recall,0.6197999715805054,completed,ft_clock_solver_sensitivity
trig_vp_uniform_heun2:ep499:nfe48:is_mean,trig_vp_uniform_heun2,cifar10,0,eval,499,trig_vp,uniform,none,,heun2,48,24,12500,12500,is_mean,9.796232223510742,completed,ft_clock_solver_sensitivity
trig_vp_uniform_heun2:ep499:nfe48:is_std,trig_vp_uniform_heun2,cifar10,0,eval,499,trig_vp,uniform,none,,heun2,48,24,12500,12500,is_std,0.12567538022994995,completed,ft_clock_solver_sensitivity
trig_vp_uniform_heun2:ep499:nfe96:fid,trig_vp_uniform_heun2,cifar10,0,eval,499,trig_vp,uniform,none,,heun2,96,48,12500,12500,fid,9.273136138916016,completed,ft_clock_solver_sensitivity
trig_vp_uniform_heun2:ep499:nfe96:precision,trig_vp_uniform_heun2,cifar10,0,eval,499,trig_vp,uniform,none,,heun2,96,48,12500,12500,precision,0.6441999673843384,completed,ft_clock_solver_sensitivity
trig_vp_uniform_heun2:ep499:nfe96:recall,trig_vp_uniform_heun2,cifar10,0,eval,499,trig_vp,uniform,none,,heun2,96,48,12500,12500,recall,0.6599000096321106,completed,ft_clock_solver_sensitivity
trig_vp_uniform_heun2:ep499:nfe96:is_mean,trig_vp_uniform_heun2,cifar10,0,eval,499,trig_vp,uniform,none,,heun2,96,48,12500,12500,is_mean,9.589860916137695,completed,ft_clock_solver_sensitivity
trig_vp_uniform_heun2:ep499:nfe96:is_std,trig_vp_uniform_heun2,cifar10,0,eval,499,trig_vp,uniform,none,,heun2,96,48,12500,12500,is_std,0.1029263436794281,completed,ft_clock_solver_sensitivity
trig_vp_uniform_rk3:ep499:nfe6:fid,trig_vp_uniform_rk3,cifar10,0,eval,499,trig_vp,uniform,none,,rk3,6,2,12500,12500,fid,199.58010864257812,completed,ft_clock_solver_sensitivity
trig_vp_uniform_rk3:ep499:nfe6:precision,trig_vp_uniform_rk3,cifar10,0,eval,499,trig_vp,uniform,none,,rk3,6,2,12500,12500,precision,0.07339999824762344,completed,ft_clock_solver_sensitivity
trig_vp_uniform_rk3:ep499:nfe6:recall,trig_vp_uniform_rk3,cifar10,0,eval,499,trig_vp,uniform,none,,rk3,6,2,12500,12500,recall,0.04189999774098396,completed,ft_clock_solver_sensitivity
trig_vp_uniform_rk3:ep499:nfe6:is_mean,trig_vp_uniform_rk3,cifar10,0,eval,499,trig_vp,uniform,none,,rk3,6,2,12500,12500,is_mean,2.8740146160125732,completed,ft_clock_solver_sensitivity
trig_vp_uniform_rk3:ep499:nfe6:is_std,trig_vp_uniform_rk3,cifar10,0,eval,499,trig_vp,uniform,none,,rk3,6,2,12500,12500,is_std,0.017141109332442284,completed,ft_clock_solver_sensitivity
trig_vp_uniform_rk3:ep499:nfe12:fid,trig_vp_uniform_rk3,cifar10,0,eval,499,trig_vp,uniform,none,,rk3,12,4,12500,12500,fid,97.28559875488281,completed,ft_clock_solver_sensitivity
trig_vp_uniform_rk3:ep499:nfe12:precision,trig_vp_uniform_rk3,cifar10,0,eval,499,trig_vp,uniform,none,,rk3,12,4,12500,12500,precision,0.14669999480247498,completed,ft_clock_solver_sensitivity
trig_vp_uniform_rk3:ep499:nfe12:recall,trig_vp_uniform_rk3,cifar10,0,eval,499,trig_vp,uniform,none,,rk3,12,4,12500,12500,recall,0.23839999735355377,completed,ft_clock_solver_sensitivity
trig_vp_uniform_rk3:ep499:nfe12:is_mean,trig_vp_uniform_rk3,cifar10,0,eval,499,trig_vp,uniform,none,,rk3,12,4,12500,12500,is_mean,7.043259620666504,completed,ft_clock_solver_sensitivity
trig_vp_uniform_rk3:ep499:nfe12:is_std,trig_vp_uniform_rk3,cifar10,0,eval,499,trig_vp,uniform,none,,rk3,12,4,12500,12500,is_std,0.10391486436128616,completed,ft_clock_solver_sensitivity
trig_vp_uniform_rk3:ep499:nfe18:fid,trig_vp_uniform_rk3,cifar10,0,eval,499,trig_vp,uniform,none,,rk3,18,6,12500,12500,fid,55.09674072265625,completed,ft_clock_solver_sensitivity
trig_vp_uniform_rk3:ep499:nfe18:precision,trig_vp_uniform_rk3,cifar10,0,eval,499,trig_vp,uniform,none,,rk3,18,6,12500,12500,precision,0.2994999885559082,completed,ft_clock_solver_sensitivity
trig_vp_uniform_rk3:ep499:nfe18:recall,trig_vp_uniform_rk3,cifar10,0,eval,499,trig_vp,uniform,none,,rk3,18,6,12500,12500,recall,0.4292999804019928,completed,ft_clock_solver_sensitivity
trig_vp_uniform_rk3:ep499:nfe18:is_mean,trig_vp_uniform_rk3,cifar10,0,eval,499,trig_vp,uniform,none,,rk3,18,6,12500,12500,is_mean,9.189823150634766,completed,ft_clock_solver_sensitivity
trig_vp_uniform_rk3:ep499:nfe18:is_std,trig_vp_uniform_rk3,cifar10,0,eval,499,trig_vp,uniform,none,,rk3,18,6,12500,12500,is_std,0.15357153117656708,completed,ft_clock_solver_sensitivity
trig_vp_uniform_rk3:ep499:nfe24:fid,trig_vp_uniform_rk3,cifar10,0,eval,499,trig_vp,uniform,none,,rk3,24,8,12500,12500,fid,34.36180877685547,completed,ft_clock_solver_sensitivity
trig_vp_uniform_rk3:ep499:nfe24:precision,trig_vp_uniform_rk3,cifar10,0,eval,499,trig_vp,uniform,none,,rk3,24,8,12500,12500,precision,0.4327999949455261,completed,ft_clock_solver_sensitivity
trig_vp_uniform_rk3:ep499:nfe24:recall,trig_vp_uniform_rk3,cifar10,0,eval,499,trig_vp,uniform,none,,rk3,24,8,12500,12500,recall,0.5378000140190125,completed,ft_clock_solver_sensitivity
trig_vp_uniform_rk3:ep499:nfe24:is_mean,trig_vp_uniform_rk3,cifar10,0,eval,499,trig_vp,uniform,none,,rk3,24,8,12500,12500,is_mean,9.724496841430664,completed,ft_clock_solver_sensitivity
trig_vp_uniform_rk3:ep499:nfe24:is_std,trig_vp_uniform_rk3,cifar10,0,eval,499,trig_vp,uniform,none,,rk3,24,8,12500,12500,is_std,0.11169841140508652,completed,ft_clock_solver_sensitivity
trig_vp_uniform_rk3:ep499:nfe30:fid,trig_vp_uniform_rk3,cifar10,0,eval,499,trig_vp,uniform,none,,rk3,30,10,12500,12500,fid,23.564435958862305,completed,ft_clock_solver_sensitivity
trig_vp_uniform_rk3:ep499:nfe30:precision,trig_vp_uniform_rk3,cifar10,0,eval,499,trig_vp,uniform,none,,rk3,30,10,12500,12500,precision,0.5169000029563904,completed,ft_clock_solver_sensitivity
trig_vp_uniform_rk3:ep499:nfe30:recall,trig_vp_uniform_rk3,cifar10,0,eval,499,trig_vp,uniform,none,,rk3,30,10,12500,12500,recall,0.597599983215332,completed,ft_clock_solver_sensitivity
trig_vp_uniform_rk3:ep499:nfe30:is_mean,trig_vp_uniform_rk3,cifar10,0,eval,499,trig_vp,uniform,none,,rk3,30,10,12500,12500,is_mean,9.795540809631348,completed,ft_clock_solver_sensitivity
trig_vp_uniform_rk3:ep499:nfe30:is_std,trig_vp_uniform_rk3,cifar10,0,eval,499,trig_vp,uniform,none,,rk3,30,10,12500,12500,is_std,0.10927076637744904,completed,ft_clock_solver_sensitivity
trig_vp_uniform_rk3:ep499:nfe48:fid,trig_vp_uniform_rk3,cifar10,0,eval,499,trig_vp,uniform,none,,rk3,48,16,12500,12500,fid,10.86305046081543,completed,ft_clock_solver_sensitivity
trig_vp_uniform_rk3:ep499:nfe48:precision,trig_vp_uniform_rk3,cifar10,0,eval,499,trig_vp,uniform,none,,rk3,48,16,12500,12500,precision,0.6372999548912048,completed,ft_clock_solver_sensitivity
trig_vp_uniform_rk3:ep499:nfe48:recall,trig_vp_uniform_rk3,cifar10,0,eval,499,trig_vp,uniform,none,,rk3,48,16,12500,12500,recall,0.645799994468689,completed,ft_clock_solver_sensitivity
trig_vp_uniform_rk3:ep499:nfe48:is_mean,trig_vp_uniform_rk3,cifar10,0,eval,499,trig_vp,uniform,none,,rk3,48,16,12500,12500,is_mean,9.616597175598145,completed,ft_clock_solver_sensitivity
trig_vp_uniform_rk3:ep499:nfe48:is_std,trig_vp_uniform_rk3,cifar10,0,eval,499,trig_vp,uniform,none,,rk3,48,16,12500,12500,is_std,0.10486301779747009,completed,ft_clock_solver_sensitivity
trig_vp_uniform_rk3:ep499:nfe96:fid,trig_vp_uniform_rk3,cifar10,0,eval,499,trig_vp,uniform,none,,rk3,96,32,12500,12500,fid,6.08228063583374,completed,ft_clock_solver_sensitivity
trig_vp_uniform_rk3:ep499:nfe96:precision,trig_vp_uniform_rk3,cifar10,0,eval,499,trig_vp,uniform,none,,rk3,96,32,12500,12500,precision,0.6902999877929688,completed,ft_clock_solver_sensitivity
trig_vp_uniform_rk3:ep499:nfe96:recall,trig_vp_uniform_rk3,cifar10,0,eval,499,trig_vp,uniform,none,,rk3,96,32,12500,12500,recall,0.6678000092506409,completed,ft_clock_solver_sensitivity
trig_vp_uniform_rk3:ep499:nfe96:is_mean,trig_vp_uniform_rk3,cifar10,0,eval,499,trig_vp,uniform,none,,rk3,96,32,12500,12500,is_mean,9.181130409240723,completed,ft_clock_solver_sensitivity
trig_vp_uniform_rk3:ep499:nfe96:is_std,trig_vp_uniform_rk3,cifar10,0,eval,499,trig_vp,uniform,none,,rk3,96,32,12500,12500,is_std,0.09380096197128296,completed,ft_clock_solver_sensitivity
trig_vp_uniform_stork4:ep499:nfe6:fid,trig_vp_uniform_stork4,cifar10,0,eval,499,trig_vp,uniform,none,,stork4,6,6,12500,12500,fid,19.838956832885742,completed,ft_clock_solver_sensitivity
trig_vp_uniform_stork4:ep499:nfe6:precision,trig_vp_uniform_stork4,cifar10,0,eval,499,trig_vp,uniform,none,,stork4,6,6,12500,12500,precision,0.5949999690055847,completed,ft_clock_solver_sensitivity
trig_vp_uniform_stork4:ep499:nfe6:recall,trig_vp_uniform_stork4,cifar10,0,eval,499,trig_vp,uniform,none,,stork4,6,6,12500,12500,recall,0.5823000073432922,completed,ft_clock_solver_sensitivity
trig_vp_uniform_stork4:ep499:nfe6:is_mean,trig_vp_uniform_stork4,cifar10,0,eval,499,trig_vp,uniform,none,,stork4,6,6,12500,12500,is_mean,8.316822052001953,completed,ft_clock_solver_sensitivity
trig_vp_uniform_stork4:ep499:nfe6:is_std,trig_vp_uniform_stork4,cifar10,0,eval,499,trig_vp,uniform,none,,stork4,6,6,12500,12500,is_std,0.06692826002836227,completed,ft_clock_solver_sensitivity
trig_vp_uniform_stork4:ep499:nfe8:fid,trig_vp_uniform_stork4,cifar10,0,eval,499,trig_vp,uniform,none,,stork4,8,8,12500,12500,fid,16.69901466369629,completed,ft_clock_solver_sensitivity
trig_vp_uniform_stork4:ep499:nfe8:precision,trig_vp_uniform_stork4,cifar10,0,eval,499,trig_vp,uniform,none,,stork4,8,8,12500,12500,precision,0.6154999732971191,completed,ft_clock_solver_sensitivity
trig_vp_uniform_stork4:ep499:nfe8:recall,trig_vp_uniform_stork4,cifar10,0,eval,499,trig_vp,uniform,none,,stork4,8,8,12500,12500,recall,0.6031000018119812,completed,ft_clock_solver_sensitivity
trig_vp_uniform_stork4:ep499:nfe8:is_mean,trig_vp_uniform_stork4,cifar10,0,eval,499,trig_vp,uniform,none,,stork4,8,8,12500,12500,is_mean,8.417447090148926,completed,ft_clock_solver_sensitivity
trig_vp_uniform_stork4:ep499:nfe8:is_std,trig_vp_uniform_stork4,cifar10,0,eval,499,trig_vp,uniform,none,,stork4,8,8,12500,12500,is_std,0.08862175792455673,completed,ft_clock_solver_sensitivity
trig_vp_uniform_stork4:ep499:nfe10:fid,trig_vp_uniform_stork4,cifar10,0,eval,499,trig_vp,uniform,none,,stork4,10,10,12500,12500,fid,14.823097229003906,completed,ft_clock_solver_sensitivity
trig_vp_uniform_stork4:ep499:nfe10:precision,trig_vp_uniform_stork4,cifar10,0,eval,499,trig_vp,uniform,none,,stork4,10,10,12500,12500,precision,0.6328999996185303,completed,ft_clock_solver_sensitivity
trig_vp_uniform_stork4:ep499:nfe10:recall,trig_vp_uniform_stork4,cifar10,0,eval,499,trig_vp,uniform,none,,stork4,10,10,12500,12500,recall,0.6150000095367432,completed,ft_clock_solver_sensitivity
trig_vp_uniform_stork4:ep499:nfe10:is_mean,trig_vp_uniform_stork4,cifar10,0,eval,499,trig_vp,uniform,none,,stork4,10,10,12500,12500,is_mean,8.441522598266602,completed,ft_clock_solver_sensitivity
trig_vp_uniform_stork4:ep499:nfe10:is_std,trig_vp_uniform_stork4,cifar10,0,eval,499,trig_vp,uniform,none,,stork4,10,10,12500,12500,is_std,0.10411617159843445,completed,ft_clock_solver_sensitivity
trig_vp_uniform_stork4:ep499:nfe12:fid,trig_vp_uniform_stork4,cifar10,0,eval,499,trig_vp,uniform,none,,stork4,12,12,12500,12500,fid,13.531049728393555,completed,ft_clock_solver_sensitivity
trig_vp_uniform_stork4:ep499:nfe12:precision,trig_vp_uniform_stork4,cifar10,0,eval,499,trig_vp,uniform,none,,stork4,12,12,12500,12500,precision,0.63919997215271,completed,ft_clock_solver_sensitivity
trig_vp_uniform_stork4:ep499:nfe12:recall,trig_vp_uniform_stork4,cifar10,0,eval,499,trig_vp,uniform,none,,stork4,12,12,12500,12500,recall,0.6225999593734741,completed,ft_clock_solver_sensitivity
trig_vp_uniform_stork4:ep499:nfe12:is_mean,trig_vp_uniform_stork4,cifar10,0,eval,499,trig_vp,uniform,none,,stork4,12,12,12500,12500,is_mean,8.50885009765625,completed,ft_clock_solver_sensitivity
trig_vp_uniform_stork4:ep499:nfe12:is_std,trig_vp_uniform_stork4,cifar10,0,eval,499,trig_vp,uniform,none,,stork4,12,12,12500,12500,is_std,0.11851812899112701,completed,ft_clock_solver_sensitivity
trig_vp_uniform_stork4:ep499:nfe18:fid,trig_vp_uniform_stork4,cifar10,0,eval,499,trig_vp,uniform,none,,stork4,18,18,12500,12500,fid,11.30150032043457,completed,ft_clock_solver_sensitivity
trig_vp_uniform_stork4:ep499:nfe18:precision,trig_vp_uniform_stork4,cifar10,0,eval,499,trig_vp,uniform,none,,stork4,18,18,12500,12500,precision,0.6581999659538269,completed,ft_clock_solver_sensitivity
trig_vp_uniform_stork4:ep499:nfe18:recall,trig_vp_uniform_stork4,cifar10,0,eval,499,trig_vp,uniform,none,,stork4,18,18,12500,12500,recall,0.6417999863624573,completed,ft_clock_solver_sensitivity
trig_vp_uniform_stork4:ep499:nfe18:is_mean,trig_vp_uniform_stork4,cifar10,0,eval,499,trig_vp,uniform,none,,stork4,18,18,12500,12500,is_mean,8.608317375183105,completed,ft_clock_solver_sensitivity
trig_vp_uniform_stork4:ep499:nfe18:is_std,trig_vp_uniform_stork4,cifar10,0,eval,499,trig_vp,uniform,none,,stork4,18,18,12500,12500,is_std,0.12821261584758759,completed,ft_clock_solver_sensitivity
trig_vp_uniform_stork4:ep499:nfe20:fid,trig_vp_uniform_stork4,cifar10,0,eval,499,trig_vp,uniform,none,,stork4,20,20,12500,12500,fid,10.816333770751953,completed,ft_clock_solver_sensitivity
trig_vp_uniform_stork4:ep499:nfe20:precision,trig_vp_uniform_stork4,cifar10,0,eval,499,trig_vp,uniform,none,,stork4,20,20,12500,12500,precision,0.6622999906539917,completed,ft_clock_solver_sensitivity
trig_vp_uniform_stork4:ep499:nfe20:recall,trig_vp_uniform_stork4,cifar10,0,eval,499,trig_vp,uniform,none,,stork4,20,20,12500,12500,recall,0.6394999623298645,completed,ft_clock_solver_sensitivity
trig_vp_uniform_stork4:ep499:nfe20:is_mean,trig_vp_uniform_stork4,cifar10,0,eval,499,trig_vp,uniform,none,,stork4,20,20,12500,12500,is_mean,8.619241714477539,completed,ft_clock_solver_sensitivity
trig_vp_uniform_stork4:ep499:nfe20:is_std,trig_vp_uniform_stork4,cifar10,0,eval,499,trig_vp,uniform,none,,stork4,20,20,12500,12500,is_std,0.1311040073633194,completed,ft_clock_solver_sensitivity
trig_vp_uniform_stork4:ep499:nfe24:fid,trig_vp_uniform_stork4,cifar10,0,eval,499,trig_vp,uniform,none,,stork4,24,24,12500,12500,fid,10.100079536437988,completed,ft_clock_solver_sensitivity
trig_vp_uniform_stork4:ep499:nfe24:precision,trig_vp_uniform_stork4,cifar10,0,eval,499,trig_vp,uniform,none,,stork4,24,24,12500,12500,precision,0.6644999980926514,completed,ft_clock_solver_sensitivity
trig_vp_uniform_stork4:ep499:nfe24:recall,trig_vp_uniform_stork4,cifar10,0,eval,499,trig_vp,uniform,none,,stork4,24,24,12500,12500,recall,0.6491000056266785,completed,ft_clock_solver_sensitivity
trig_vp_uniform_stork4:ep499:nfe24:is_mean,trig_vp_uniform_stork4,cifar10,0,eval,499,trig_vp,uniform,none,,stork4,24,24,12500,12500,is_mean,8.682022094726562,completed,ft_clock_solver_sensitivity
trig_vp_uniform_stork4:ep499:nfe24:is_std,trig_vp_uniform_stork4,cifar10,0,eval,499,trig_vp,uniform,none,,stork4,24,24,12500,12500,is_std,0.12356801331043243,completed,ft_clock_solver_sensitivity
trig_vp_uniform_stork4:ep499:nfe30:fid,trig_vp_uniform_stork4,cifar10,0,eval,499,trig_vp,uniform,none,,stork4,30,30,12500,12500,fid,9.26615047454834,completed,ft_clock_solver_sensitivity
trig_vp_uniform_stork4:ep499:nfe30:precision,trig_vp_uniform_stork4,cifar10,0,eval,499,trig_vp,uniform,none,,stork4,30,30,12500,12500,precision,0.670799970626831,completed,ft_clock_solver_sensitivity
trig_vp_uniform_stork4:ep499:nfe30:recall,trig_vp_uniform_stork4,cifar10,0,eval,499,trig_vp,uniform,none,,stork4,30,30,12500,12500,recall,0.6517999768257141,completed,ft_clock_solver_sensitivity
trig_vp_uniform_stork4:ep499:nfe30:is_mean,trig_vp_uniform_stork4,cifar10,0,eval,499,trig_vp,uniform,none,,stork4,30,30,12500,12500,is_mean,8.719514846801758,completed,ft_clock_solver_sensitivity
trig_vp_uniform_stork4:ep499:nfe30:is_std,trig_vp_uniform_stork4,cifar10,0,eval,499,trig_vp,uniform,none,,stork4,30,30,12500,12500,is_std,0.11371950805187225,completed,ft_clock_solver_sensitivity
trig_vp_uniform_stork4:ep499:nfe48:fid,trig_vp_uniform_stork4,cifar10,0,eval,499,trig_vp,uniform,none,,stork4,48,48,12500,12500,fid,7.829847812652588,completed,ft_clock_solver_sensitivity
trig_vp_uniform_stork4:ep499:nfe48:precision,trig_vp_uniform_stork4,cifar10,0,eval,499,trig_vp,uniform,none,,stork4,48,48,12500,12500,precision,0.6843000054359436,completed,ft_clock_solver_sensitivity
trig_vp_uniform_stork4:ep499:nfe48:recall,trig_vp_uniform_stork4,cifar10,0,eval,499,trig_vp,uniform,none,,stork4,48,48,12500,12500,recall,0.6595999598503113,completed,ft_clock_solver_sensitivity
trig_vp_uniform_stork4:ep499:nfe48:is_mean,trig_vp_uniform_stork4,cifar10,0,eval,499,trig_vp,uniform,none,,stork4,48,48,12500,12500,is_mean,8.819257736206055,completed,ft_clock_solver_sensitivity
trig_vp_uniform_stork4:ep499:nfe48:is_std,trig_vp_uniform_stork4,cifar10,0,eval,499,trig_vp,uniform,none,,stork4,48,48,12500,12500,is_std,0.08997312188148499,completed,ft_clock_solver_sensitivity
trig_vp_uniform_stork4:ep499:nfe50:fid,trig_vp_uniform_stork4,cifar10,0,eval,499,trig_vp,uniform,none,,stork4,50,50,12500,12500,fid,7.7280683517456055,completed,ft_clock_solver_sensitivity
trig_vp_uniform_stork4:ep499:nfe50:precision,trig_vp_uniform_stork4,cifar10,0,eval,499,trig_vp,uniform,none,,stork4,50,50,12500,12500,precision,0.685699999332428,completed,ft_clock_solver_sensitivity
trig_vp_uniform_stork4:ep499:nfe50:recall,trig_vp_uniform_stork4,cifar10,0,eval,499,trig_vp,uniform,none,,stork4,50,50,12500,12500,recall,0.6592999696731567,completed,ft_clock_solver_sensitivity
trig_vp_uniform_stork4:ep499:nfe50:is_mean,trig_vp_uniform_stork4,cifar10,0,eval,499,trig_vp,uniform,none,,stork4,50,50,12500,12500,is_mean,8.828620910644531,completed,ft_clock_solver_sensitivity
trig_vp_uniform_stork4:ep499:nfe50:is_std,trig_vp_uniform_stork4,cifar10,0,eval,499,trig_vp,uniform,none,,stork4,50,50,12500,12500,is_std,0.08471553772687912,completed,ft_clock_solver_sensitivity
trig_vp_uniform_stork4:ep499:nfe96:fid,trig_vp_uniform_stork4,cifar10,0,eval,499,trig_vp,uniform,none,,stork4,96,96,12500,12500,fid,6.504463195800781,completed,ft_clock_solver_sensitivity
trig_vp_uniform_stork4:ep499:nfe96:precision,trig_vp_uniform_stork4,cifar10,0,eval,499,trig_vp,uniform,none,,stork4,96,96,12500,12500,precision,0.6948999762535095,completed,ft_clock_solver_sensitivity
trig_vp_uniform_stork4:ep499:nfe96:recall,trig_vp_uniform_stork4,cifar10,0,eval,499,trig_vp,uniform,none,,stork4,96,96,12500,12500,recall,0.6693999767303467,completed,ft_clock_solver_sensitivity
trig_vp_uniform_stork4:ep499:nfe96:is_mean,trig_vp_uniform_stork4,cifar10,0,eval,499,trig_vp,uniform,none,,stork4,96,96,12500,12500,is_mean,8.941487312316895,completed,ft_clock_solver_sensitivity
trig_vp_uniform_stork4:ep499:nfe96:is_std,trig_vp_uniform_stork4,cifar10,0,eval,499,trig_vp,uniform,none,,stork4,96,96,12500,12500,is_std,0.0946480855345726,completed,ft_clock_solver_sensitivity
trig_vp_ft_beta_0_3_euler:ep499:nfe6:fid,trig_vp_ft_beta_0_3_euler,cifar10,0,eval,499,trig_vp,ft_vp_beta,beta,0.3,euler,6,6,12500,12500,fid,200.27342224121094,completed,ft_clock_solver_sensitivity
trig_vp_ft_beta_0_3_euler:ep499:nfe6:precision,trig_vp_ft_beta_0_3_euler,cifar10,0,eval,499,trig_vp,ft_vp_beta,beta,0.3,euler,6,6,12500,12500,precision,0.42329999804496765,completed,ft_clock_solver_sensitivity
trig_vp_ft_beta_0_3_euler:ep499:nfe6:recall,trig_vp_ft_beta_0_3_euler,cifar10,0,eval,499,trig_vp,ft_vp_beta,beta,0.3,euler,6,6,12500,12500,recall,0.06209999695420265,completed,ft_clock_solver_sensitivity
trig_vp_ft_beta_0_3_euler:ep499:nfe6:is_mean,trig_vp_ft_beta_0_3_euler,cifar10,0,eval,499,trig_vp,ft_vp_beta,beta,0.3,euler,6,6,12500,12500,is_mean,2.527458906173706,completed,ft_clock_solver_sensitivity
trig_vp_ft_beta_0_3_euler:ep499:nfe6:is_std,trig_vp_ft_beta_0_3_euler,cifar10,0,eval,499,trig_vp,ft_vp_beta,beta,0.3,euler,6,6,12500,12500,is_std,0.018108205869793892,completed,ft_clock_solver_sensitivity
trig_vp_ft_beta_0_3_euler:ep499:nfe12:fid,trig_vp_ft_beta_0_3_euler,cifar10,0,eval,499,trig_vp,ft_vp_beta,beta,0.3,euler,12,12,12500,12500,fid,114.6823501586914,completed,ft_clock_solver_sensitivity
trig_vp_ft_beta_0_3_euler:ep499:nfe12:precision,trig_vp_ft_beta_0_3_euler,cifar10,0,eval,499,trig_vp,ft_vp_beta,beta,0.3,euler,12,12,12500,12500,precision,0.3813999891281128,completed,ft_clock_solver_sensitivity
trig_vp_ft_beta_0_3_euler:ep499:nfe12:recall,trig_vp_ft_beta_0_3_euler,cifar10,0,eval,499,trig_vp,ft_vp_beta,beta,0.3,euler,12,12,12500,12500,recall,0.18940000236034393,completed,ft_clock_solver_sensitivity
trig_vp_ft_beta_0_3_euler:ep499:nfe12:is_mean,trig_vp_ft_beta_0_3_euler,cifar10,0,eval,499,trig_vp,ft_vp_beta,beta,0.3,euler,12,12,12500,12500,is_mean,4.8906474113464355,completed,ft_clock_solver_sensitivity
trig_vp_ft_beta_0_3_euler:ep499:nfe12:is_std,trig_vp_ft_beta_0_3_euler,cifar10,0,eval,499,trig_vp,ft_vp_beta,beta,0.3,euler,12,12,12500,12500,is_std,0.03470730409026146,completed,ft_clock_solver_sensitivity
trig_vp_ft_beta_0_3_euler:ep499:nfe18:fid,trig_vp_ft_beta_0_3_euler,cifar10,0,eval,499,trig_vp,ft_vp_beta,beta,0.3,euler,18,18,12500,12500,fid,86.01760864257812,completed,ft_clock_solver_sensitivity
trig_vp_ft_beta_0_3_euler:ep499:nfe18:precision,trig_vp_ft_beta_0_3_euler,cifar10,0,eval,499,trig_vp,ft_vp_beta,beta,0.3,euler,18,18,12500,12500,precision,0.350600004196167,completed,ft_clock_solver_sensitivity
trig_vp_ft_beta_0_3_euler:ep499:nfe18:recall,trig_vp_ft_beta_0_3_euler,cifar10,0,eval,499,trig_vp,ft_vp_beta,beta,0.3,euler,18,18,12500,12500,recall,0.2689000070095062,completed,ft_clock_solver_sensitivity
trig_vp_ft_beta_0_3_euler:ep499:nfe18:is_mean,trig_vp_ft_beta_0_3_euler,cifar10,0,eval,499,trig_vp,ft_vp_beta,beta,0.3,euler,18,18,12500,12500,is_mean,6.346219539642334,completed,ft_clock_solver_sensitivity
trig_vp_ft_beta_0_3_euler:ep499:nfe18:is_std,trig_vp_ft_beta_0_3_euler,cifar10,0,eval,499,trig_vp,ft_vp_beta,beta,0.3,euler,18,18,12500,12500,is_std,0.058260105550289154,completed,ft_clock_solver_sensitivity
trig_vp_ft_beta_0_3_euler:ep499:nfe24:fid,trig_vp_ft_beta_0_3_euler,cifar10,0,eval,499,trig_vp,ft_vp_beta,beta,0.3,euler,24,24,12500,12500,fid,70.77861022949219,completed,ft_clock_solver_sensitivity
trig_vp_ft_beta_0_3_euler:ep499:nfe24:precision,trig_vp_ft_beta_0_3_euler,cifar10,0,eval,499,trig_vp,ft_vp_beta,beta,0.3,euler,24,24,12500,12500,precision,0.3555999994277954,completed,ft_clock_solver_sensitivity
trig_vp_ft_beta_0_3_euler:ep499:nfe24:recall,trig_vp_ft_beta_0_3_euler,cifar10,0,eval,499,trig_vp,ft_vp_beta,beta,0.3,euler,24,24,12500,12500,recall,0.31529998779296875,completed,ft_clock_solver_sensitivity
trig_vp_ft_beta_0_3_euler:ep499:nfe24:is_mean,trig_vp_ft_beta_0_3_euler,cifar10,0,eval,499,trig_vp,ft_vp_beta,beta,0.3,euler,24,24,12500,12500,is_mean,7.227598667144775,completed,ft_clock_solver_sensitivity
trig_vp_ft_beta_0_3_euler:ep499:nfe24:is_std,trig_vp_ft_beta_0_3_euler,cifar10,0,eval,499,trig_vp,ft_vp_beta,beta,0.3,euler,24,24,12500,12500,is_std,0.08011303097009659,completed,ft_clock_solver_sensitivity
trig_vp_ft_beta_0_3_euler:ep499:nfe30:fid,trig_vp_ft_beta_0_3_euler,cifar10,0,eval,499,trig_vp,ft_vp_beta,beta,0.3,euler,30,30,12500,12500,fid,60.7734489440918,completed,ft_clock_solver_sensitivity
trig_vp_ft_beta_0_3_euler:ep499:nfe30:precision,trig_vp_ft_beta_0_3_euler,cifar10,0,eval,499,trig_vp,ft_vp_beta,beta,0.3,euler,30,30,12500,12500,precision,0.3716000020503998,completed,ft_clock_solver_sensitivity
trig_vp_ft_beta_0_3_euler:ep499:nfe30:recall,trig_vp_ft_beta_0_3_euler,cifar10,0,eval,499,trig_vp,ft_vp_beta,beta,0.3,euler,30,30,12500,12500,recall,0.3563999831676483,completed,ft_clock_solver_sensitivity
trig_vp_ft_beta_0_3_euler:ep499:nfe30:is_mean,trig_vp_ft_beta_0_3_euler,cifar10,0,eval,499,trig_vp,ft_vp_beta,beta,0.3,euler,30,30,12500,12500,is_mean,7.797603607177734,completed,ft_clock_solver_sensitivity
trig_vp_ft_beta_0_3_euler:ep499:nfe30:is_std,trig_vp_ft_beta_0_3_euler,cifar10,0,eval,499,trig_vp,ft_vp_beta,beta,0.3,euler,30,30,12500,12500,is_std,0.08977039158344269,completed,ft_clock_solver_sensitivity
trig_vp_ft_beta_0_3_euler:ep499:nfe48:fid,trig_vp_ft_beta_0_3_euler,cifar10,0,eval,499,trig_vp,ft_vp_beta,beta,0.3,euler,48,48,12500,12500,fid,42.814476013183594,completed,ft_clock_solver_sensitivity
trig_vp_ft_beta_0_3_euler:ep499:nfe48:precision,trig_vp_ft_beta_0_3_euler,cifar10,0,eval,499,trig_vp,ft_vp_beta,beta,0.3,euler,48,48,12500,12500,precision,0.42669999599456787,completed,ft_clock_solver_sensitivity
trig_vp_ft_beta_0_3_euler:ep499:nfe48:recall,trig_vp_ft_beta_0_3_euler,cifar10,0,eval,499,trig_vp,ft_vp_beta,beta,0.3,euler,48,48,12500,12500,recall,0.45819997787475586,completed,ft_clock_solver_sensitivity
trig_vp_ft_beta_0_3_euler:ep499:nfe48:is_mean,trig_vp_ft_beta_0_3_euler,cifar10,0,eval,499,trig_vp,ft_vp_beta,beta,0.3,euler,48,48,12500,12500,is_mean,8.6572904586792,completed,ft_clock_solver_sensitivity
trig_vp_ft_beta_0_3_euler:ep499:nfe48:is_std,trig_vp_ft_beta_0_3_euler,cifar10,0,eval,499,trig_vp,ft_vp_beta,beta,0.3,euler,48,48,12500,12500,is_std,0.11970234662294388,completed,ft_clock_solver_sensitivity
trig_vp_ft_beta_0_3_euler:ep499:nfe96:fid,trig_vp_ft_beta_0_3_euler,cifar10,0,eval,499,trig_vp,ft_vp_beta,beta,0.3,euler,96,96,12500,12500,fid,22.038036346435547,completed,ft_clock_solver_sensitivity
trig_vp_ft_beta_0_3_euler:ep499:nfe96:precision,trig_vp_ft_beta_0_3_euler,cifar10,0,eval,499,trig_vp,ft_vp_beta,beta,0.3,euler,96,96,12500,12500,precision,0.5360000133514404,completed,ft_clock_solver_sensitivity
trig_vp_ft_beta_0_3_euler:ep499:nfe96:recall,trig_vp_ft_beta_0_3_euler,cifar10,0,eval,499,trig_vp,ft_vp_beta,beta,0.3,euler,96,96,12500,12500,recall,0.6144999861717224,completed,ft_clock_solver_sensitivity
trig_vp_ft_beta_0_3_euler:ep499:nfe96:is_mean,trig_vp_ft_beta_0_3_euler,cifar10,0,eval,499,trig_vp,ft_vp_beta,beta,0.3,euler,96,96,12500,12500,is_mean,9.267735481262207,completed,ft_clock_solver_sensitivity
trig_vp_ft_beta_0_3_euler:ep499:nfe96:is_std,trig_vp_ft_beta_0_3_euler,cifar10,0,eval,499,trig_vp,ft_vp_beta,beta,0.3,euler,96,96,12500,12500,is_std,0.10092131793498993,completed,ft_clock_solver_sensitivity
trig_vp_ft_beta_0_3_heun2:ep499:nfe6:fid,trig_vp_ft_beta_0_3_heun2,cifar10,0,eval,499,trig_vp,ft_vp_beta,beta,0.3,heun2,6,3,12500,12500,fid,87.61994171142578,completed,ft_clock_solver_sensitivity
trig_vp_ft_beta_0_3_heun2:ep499:nfe6:precision,trig_vp_ft_beta_0_3_heun2,cifar10,0,eval,499,trig_vp,ft_vp_beta,beta,0.3,heun2,6,3,12500,12500,precision,0.5895000100135803,completed,ft_clock_solver_sensitivity
trig_vp_ft_beta_0_3_heun2:ep499:nfe6:recall,trig_vp_ft_beta_0_3_heun2,cifar10,0,eval,499,trig_vp,ft_vp_beta,beta,0.3,heun2,6,3,12500,12500,recall,0.2978000044822693,completed,ft_clock_solver_sensitivity
trig_vp_ft_beta_0_3_heun2:ep499:nfe6:is_mean,trig_vp_ft_beta_0_3_heun2,cifar10,0,eval,499,trig_vp,ft_vp_beta,beta,0.3,heun2,6,3,12500,12500,is_mean,5.366921901702881,completed,ft_clock_solver_sensitivity
trig_vp_ft_beta_0_3_heun2:ep499:nfe6:is_std,trig_vp_ft_beta_0_3_heun2,cifar10,0,eval,499,trig_vp,ft_vp_beta,beta,0.3,heun2,6,3,12500,12500,is_std,0.034986887127161026,completed,ft_clock_solver_sensitivity
trig_vp_ft_beta_0_3_heun2:ep499:nfe12:fid,trig_vp_ft_beta_0_3_heun2,cifar10,0,eval,499,trig_vp,ft_vp_beta,beta,0.3,heun2,12,6,12500,12500,fid,12.457646369934082,completed,ft_clock_solver_sensitivity
trig_vp_ft_beta_0_3_heun2:ep499:nfe12:precision,trig_vp_ft_beta_0_3_heun2,cifar10,0,eval,499,trig_vp,ft_vp_beta,beta,0.3,heun2,12,6,12500,12500,precision,0.6453999876976013,completed,ft_clock_solver_sensitivity
trig_vp_ft_beta_0_3_heun2:ep499:nfe12:recall,trig_vp_ft_beta_0_3_heun2,cifar10,0,eval,499,trig_vp,ft_vp_beta,beta,0.3,heun2,12,6,12500,12500,recall,0.6309999823570251,completed,ft_clock_solver_sensitivity
trig_vp_ft_beta_0_3_heun2:ep499:nfe12:is_mean,trig_vp_ft_beta_0_3_heun2,cifar10,0,eval,499,trig_vp,ft_vp_beta,beta,0.3,heun2,12,6,12500,12500,is_mean,8.657746315002441,completed,ft_clock_solver_sensitivity
trig_vp_ft_beta_0_3_heun2:ep499:nfe12:is_std,trig_vp_ft_beta_0_3_heun2,cifar10,0,eval,499,trig_vp,ft_vp_beta,beta,0.3,heun2,12,6,12500,12500,is_std,0.12285730987787247,completed,ft_clock_solver_sensitivity
trig_vp_ft_beta_0_3_heun2:ep499:nfe18:fid,trig_vp_ft_beta_0_3_heun2,cifar10,0,eval,499,trig_vp,ft_vp_beta,beta,0.3,heun2,18,9,12500,12500,fid,8.417179107666016,completed,ft_clock_solver_sensitivity
trig_vp_ft_beta_0_3_heun2:ep499:nfe18:precision,trig_vp_ft_beta_0_3_heun2,cifar10,0,eval,499,trig_vp,ft_vp_beta,beta,0.3,heun2,18,9,12500,12500,precision,0.6660000085830688,completed,ft_clock_solver_sensitivity
trig_vp_ft_beta_0_3_heun2:ep499:nfe18:recall,trig_vp_ft_beta_0_3_heun2,cifar10,0,eval,499,trig_vp,ft_vp_beta,beta,0.3,heun2,18,9,12500,12500,recall,0.6624000072479248,completed,ft_clock_solver_sensitivity
trig_vp_ft_beta_0_3_heun2:ep499:nfe18:is_mean,trig_vp_ft_beta_0_3_heun2,cifar10,0,eval,499,trig_vp,ft_vp_beta,beta,0.3,heun2,18,9,12500,12500,is_mean,8.67300033569336,completed,ft_clock_solver_sensitivity
trig_vp_ft_beta_0_3_heun2:ep499:nfe18:is_std,trig_vp_ft_beta_0_3_heun2,cifar10,0,eval,499,trig_vp,ft_vp_beta,beta,0.3,heun2,18,9,12500,12500,is_std,0.1349637508392334,completed,ft_clock_solver_sensitivity
trig_vp_ft_beta_0_3_heun2:ep499:nfe24:fid,trig_vp_ft_beta_0_3_heun2,cifar10,0,eval,499,trig_vp,ft_vp_beta,beta,0.3,heun2,24,12,12500,12500,fid,7.596948146820068,completed,ft_clock_solver_sensitivity
trig_vp_ft_beta_0_3_heun2:ep499:nfe24:precision,trig_vp_ft_beta_0_3_heun2,cifar10,0,eval,499,trig_vp,ft_vp_beta,beta,0.3,heun2,24,12,12500,12500,precision,0.6675999760627747,completed,ft_clock_solver_sensitivity
trig_vp_ft_beta_0_3_heun2:ep499:nfe24:recall,trig_vp_ft_beta_0_3_heun2,cifar10,0,eval,499,trig_vp,ft_vp_beta,beta,0.3,heun2,24,12,12500,12500,recall,0.6771999597549438,completed,ft_clock_solver_sensitivity
trig_vp_ft_beta_0_3_heun2:ep499:nfe24:is_mean,trig_vp_ft_beta_0_3_heun2,cifar10,0,eval,499,trig_vp,ft_vp_beta,beta,0.3,heun2,24,12,12500,12500,is_mean,8.75916576385498,completed,ft_clock_solver_sensitivity
trig_vp_ft_beta_0_3_heun2:ep499:nfe24:is_std,trig_vp_ft_beta_0_3_heun2,cifar10,0,eval,499,trig_vp,ft_vp_beta,beta,0.3,heun2,24,12,12500,12500,is_std,0.15116055309772491,completed,ft_clock_solver_sensitivity
trig_vp_ft_beta_0_3_heun2:ep499:nfe30:fid,trig_vp_ft_beta_0_3_heun2,cifar10,0,eval,499,trig_vp,ft_vp_beta,beta,0.3,heun2,30,15,12500,12500,fid,7.161876678466797,completed,ft_clock_solver_sensitivity
trig_vp_ft_beta_0_3_heun2:ep499:nfe30:precision,trig_vp_ft_beta_0_3_heun2,cifar10,0,eval,499,trig_vp,ft_vp_beta,beta,0.3,heun2,30,15,12500,12500,precision,0.6687999963760376,completed,ft_clock_solver_sensitivity
trig_vp_ft_beta_0_3_heun2:ep499:nfe30:recall,trig_vp_ft_beta_0_3_heun2,cifar10,0,eval,499,trig_vp,ft_vp_beta,beta,0.3,heun2,30,15,12500,12500,recall,0.6789999604225159,completed,ft_clock_solver_sensitivity
trig_vp_ft_beta_0_3_heun2:ep499:nfe30:is_mean,trig_vp_ft_beta_0_3_heun2,cifar10,0,eval,499,trig_vp,ft_vp_beta,beta,0.3,heun2,30,15,12500,12500,is_mean,8.839598655700684,completed,ft_clock_solver_sensitivity
trig_vp_ft_beta_0_3_heun2:ep499:nfe30:is_std,trig_vp_ft_beta_0_3_heun2,cifar10,0,eval,499,trig_vp,ft_vp_beta,beta,0.3,heun2,30,15,12500,12500,is_std,0.12570281326770782,completed,ft_clock_solver_sensitivity
trig_vp_ft_beta_0_3_heun2:ep499:nfe48:fid,trig_vp_ft_beta_0_3_heun2,cifar10,0,eval,499,trig_vp,ft_vp_beta,beta,0.3,heun2,48,24,12500,12500,fid,6.721333980560303,completed,ft_clock_solver_sensitivity
trig_vp_ft_beta_0_3_heun2:ep499:nfe48:precision,trig_vp_ft_beta_0_3_heun2,cifar10,0,eval,499,trig_vp,ft_vp_beta,beta,0.3,heun2,48,24,12500,12500,precision,0.6660999655723572,completed,ft_clock_solver_sensitivity
trig_vp_ft_beta_0_3_heun2:ep499:nfe48:recall,trig_vp_ft_beta_0_3_heun2,cifar10,0,eval,499,trig_vp,ft_vp_beta,beta,0.3,heun2,48,24,12500,12500,recall,0.6864999532699585,completed,ft_clock_solver_sensitivity
trig_vp_ft_beta_0_3_heun2:ep499:nfe48:is_mean,trig_vp_ft_beta_0_3_heun2,cifar10,0,eval,499,trig_vp,ft_vp_beta,beta,0.3,heun2,48,24,12500,12500,is_mean,8.989384651184082,completed,ft_clock_solver_sensitivity
trig_vp_ft_beta_0_3_heun2:ep499:nfe48:is_std,trig_vp_ft_beta_0_3_heun2,cifar10,0,eval,499,trig_vp,ft_vp_beta,beta,0.3,heun2,48,24,12500,12500,is_std,0.0856885090470314,completed,ft_clock_solver_sensitivity
trig_vp_ft_beta_0_3_heun2:ep499:nfe96:fid,trig_vp_ft_beta_0_3_heun2,cifar10,0,eval,499,trig_vp,ft_vp_beta,beta,0.3,heun2,96,48,12500,12500,fid,7.333527565002441,completed,ft_clock_solver_sensitivity
trig_vp_ft_beta_0_3_heun2:ep499:nfe96:precision,trig_vp_ft_beta_0_3_heun2,cifar10,0,eval,499,trig_vp,ft_vp_beta,beta,0.3,heun2,96,48,12500,12500,precision,0.6437000036239624,completed,ft_clock_solver_sensitivity
trig_vp_ft_beta_0_3_heun2:ep499:nfe96:recall,trig_vp_ft_beta_0_3_heun2,cifar10,0,eval,499,trig_vp,ft_vp_beta,beta,0.3,heun2,96,48,12500,12500,recall,0.6887999773025513,completed,ft_clock_solver_sensitivity
trig_vp_ft_beta_0_3_heun2:ep499:nfe96:is_mean,trig_vp_ft_beta_0_3_heun2,cifar10,0,eval,499,trig_vp,ft_vp_beta,beta,0.3,heun2,96,48,12500,12500,is_mean,9.1735258102417,completed,ft_clock_solver_sensitivity
trig_vp_ft_beta_0_3_heun2:ep499:nfe96:is_std,trig_vp_ft_beta_0_3_heun2,cifar10,0,eval,499,trig_vp,ft_vp_beta,beta,0.3,heun2,96,48,12500,12500,is_std,0.10413719713687897,completed,ft_clock_solver_sensitivity
trig_vp_ft_beta_0_3_rk3:ep499:nfe6:fid,trig_vp_ft_beta_0_3_rk3,cifar10,0,eval,499,trig_vp,ft_vp_beta,beta,0.3,rk3,6,2,12500,12500,fid,293.6411437988281,completed,ft_clock_solver_sensitivity
trig_vp_ft_beta_0_3_rk3:ep499:nfe6:precision,trig_vp_ft_beta_0_3_rk3,cifar10,0,eval,499,trig_vp,ft_vp_beta,beta,0.3,rk3,6,2,12500,12500,precision,0.01759999990463257,completed,ft_clock_solver_sensitivity
trig_vp_ft_beta_0_3_rk3:ep499:nfe6:recall,trig_vp_ft_beta_0_3_rk3,cifar10,0,eval,499,trig_vp,ft_vp_beta,beta,0.3,rk3,6,2,12500,12500,recall,9.999999747378752e-05,completed,ft_clock_solver_sensitivity
trig_vp_ft_beta_0_3_rk3:ep499:nfe6:is_mean,trig_vp_ft_beta_0_3_rk3,cifar10,0,eval,499,trig_vp,ft_vp_beta,beta,0.3,rk3,6,2,12500,12500,is_mean,1.6350468397140503,completed,ft_clock_solver_sensitivity
trig_vp_ft_beta_0_3_rk3:ep499:nfe6:is_std,trig_vp_ft_beta_0_3_rk3,cifar10,0,eval,499,trig_vp,ft_vp_beta,beta,0.3,rk3,6,2,12500,12500,is_std,0.007437273394316435,completed,ft_clock_solver_sensitivity
trig_vp_ft_beta_0_3_rk3:ep499:nfe12:fid,trig_vp_ft_beta_0_3_rk3,cifar10,0,eval,499,trig_vp,ft_vp_beta,beta,0.3,rk3,12,4,12500,12500,fid,180.2023468017578,completed,ft_clock_solver_sensitivity
trig_vp_ft_beta_0_3_rk3:ep499:nfe12:precision,trig_vp_ft_beta_0_3_rk3,cifar10,0,eval,499,trig_vp,ft_vp_beta,beta,0.3,rk3,12,4,12500,12500,precision,0.06560000032186508,completed,ft_clock_solver_sensitivity
trig_vp_ft_beta_0_3_rk3:ep499:nfe12:recall,trig_vp_ft_beta_0_3_rk3,cifar10,0,eval,499,trig_vp,ft_vp_beta,beta,0.3,rk3,12,4,12500,12500,recall,0.020800000056624413,completed,ft_clock_solver_sensitivity
trig_vp_ft_beta_0_3_rk3:ep499:nfe12:is_mean,trig_vp_ft_beta_0_3_rk3,cifar10,0,eval,499,trig_vp,ft_vp_beta,beta,0.3,rk3,12,4,12500,12500,is_mean,3.429452657699585,completed,ft_clock_solver_sensitivity
trig_vp_ft_beta_0_3_rk3:ep499:nfe12:is_std,trig_vp_ft_beta_0_3_rk3,cifar10,0,eval,499,trig_vp,ft_vp_beta,beta,0.3,rk3,12,4,12500,12500,is_std,0.024553848430514336,completed,ft_clock_solver_sensitivity
trig_vp_ft_beta_0_3_rk3:ep499:nfe18:fid,trig_vp_ft_beta_0_3_rk3,cifar10,0,eval,499,trig_vp,ft_vp_beta,beta,0.3,rk3,18,6,12500,12500,fid,143.6805419921875,completed,ft_clock_solver_sensitivity
trig_vp_ft_beta_0_3_rk3:ep499:nfe18:precision,trig_vp_ft_beta_0_3_rk3,cifar10,0,eval,499,trig_vp,ft_vp_beta,beta,0.3,rk3,18,6,12500,12500,precision,0.09829999506473541,completed,ft_clock_solver_sensitivity
trig_vp_ft_beta_0_3_rk3:ep499:nfe18:recall,trig_vp_ft_beta_0_3_rk3,cifar10,0,eval,499,trig_vp,ft_vp_beta,beta,0.3,rk3,18,6,12500,12500,recall,0.1410999894142151,completed,ft_clock_solver_sensitivity
trig_vp_ft_beta_0_3_rk3:ep499:nfe18:is_mean,trig_vp_ft_beta_0_3_rk3,cifar10,0,eval,499,trig_vp,ft_vp_beta,beta,0.3,rk3,18,6,12500,12500,is_mean,4.76787805557251,completed,ft_clock_solver_sensitivity
trig_vp_ft_beta_0_3_rk3:ep499:nfe18:is_std,trig_vp_ft_beta_0_3_rk3,cifar10,0,eval,499,trig_vp,ft_vp_beta,beta,0.3,rk3,18,6,12500,12500,is_std,0.032413654029369354,completed,ft_clock_solver_sensitivity
trig_vp_ft_beta_0_3_rk3:ep499:nfe24:fid,trig_vp_ft_beta_0_3_rk3,cifar10,0,eval,499,trig_vp,ft_vp_beta,beta,0.3,rk3,24,8,12500,12500,fid,119.6242446899414,completed,ft_clock_solver_sensitivity
trig_vp_ft_beta_0_3_rk3:ep499:nfe24:precision,trig_vp_ft_beta_0_3_rk3,cifar10,0,eval,499,trig_vp,ft_vp_beta,beta,0.3,rk3,24,8,12500,12500,precision,0.12729999423027039,completed,ft_clock_solver_sensitivity
trig_vp_ft_beta_0_3_rk3:ep499:nfe24:recall,trig_vp_ft_beta_0_3_rk3,cifar10,0,eval,499,trig_vp,ft_vp_beta,beta,0.3,rk3,24,8,12500,12500,recall,0.2736999988555908,completed,ft_clock_solver_sensitivity
trig_vp_ft_beta_0_3_rk3:ep499:nfe24:is_mean,trig_vp_ft_beta_0_3_rk3,cifar10,0,eval,499,trig_vp,ft_vp_beta,beta,0.3,rk3,24,8,12500,12500,is_mean,5.848401069641113,completed,ft_clock_solver_sensitivity
trig_vp_ft_beta_0_3_rk3:ep499:nfe24:is_std,trig_vp_ft_beta_0_3_rk3,cifar10,0,eval,499,trig_vp,ft_vp_beta,beta,0.3,rk3,24,8,12500,12500,is_std,0.055571604520082474,completed,ft_clock_solver_sensitivity
trig_vp_ft_beta_0_3_rk3:ep499:nfe30:fid,trig_vp_ft_beta_0_3_rk3,cifar10,0,eval,499,trig_vp,ft_vp_beta,beta,0.3,rk3,30,10,12500,12500,fid,98.60688781738281,completed,ft_clock_solver_sensitivity
trig_vp_ft_beta_0_3_rk3:ep499:nfe30:precision,trig_vp_ft_beta_0_3_rk3,cifar10,0,eval,499,trig_vp,ft_vp_beta,beta,0.3,rk3,30,10,12500,12500,precision,0.1655000001192093,completed,ft_clock_solver_sensitivity
trig_vp_ft_beta_0_3_rk3:ep499:nfe30:recall,trig_vp_ft_beta_0_3_rk3,cifar10,0,eval,499,trig_vp,ft_vp_beta,beta,0.3,rk3,30,10,12500,12500,recall,0.36569997668266296,completed,ft_clock_solver_sensitivity
trig_vp_ft_beta_0_3_rk3:ep499:nfe30:is_mean,trig_vp_ft_beta_0_3_rk3,cifar10,0,eval,499,trig_vp,ft_vp_beta,beta,0.3,rk3,30,10,12500,12500,is_mean,6.792505741119385,completed,ft_clock_solver_sensitivity
trig_vp_ft_beta_0_3_rk3:ep499:nfe30:is_std,trig_vp_ft_beta_0_3_rk3,cifar10,0,eval,499,trig_vp,ft_vp_beta,beta,0.3,rk3,30,10,12500,12500,is_std,0.07278001308441162,completed,ft_clock_solver_sensitivity
trig_vp_ft_beta_0_3_rk3:ep499:nfe48:fid,trig_vp_ft_beta_0_3_rk3,cifar10,0,eval,499,trig_vp,ft_vp_beta,beta,0.3,rk3,48,16,12500,12500,fid,59.697021484375,completed,ft_clock_solver_sensitivity
trig_vp_ft_beta_0_3_rk3:ep499:nfe48:precision,trig_vp_ft_beta_0_3_rk3,cifar10,0,eval,499,trig_vp,ft_vp_beta,beta,0.3,rk3,48,16,12500,12500,precision,0.28669998049736023,completed,ft_clock_solver_sensitivity
trig_vp_ft_beta_0_3_rk3:ep499:nfe48:recall,trig_vp_ft_beta_0_3_rk3,cifar10,0,eval,499,trig_vp,ft_vp_beta,beta,0.3,rk3,48,16,12500,12500,recall,0.5613999962806702,completed,ft_clock_solver_sensitivity
trig_vp_ft_beta_0_3_rk3:ep499:nfe48:is_mean,trig_vp_ft_beta_0_3_rk3,cifar10,0,eval,499,trig_vp,ft_vp_beta,beta,0.3,rk3,48,16,12500,12500,is_mean,8.413281440734863,completed,ft_clock_solver_sensitivity
trig_vp_ft_beta_0_3_rk3:ep499:nfe48:is_std,trig_vp_ft_beta_0_3_rk3,cifar10,0,eval,499,trig_vp,ft_vp_beta,beta,0.3,rk3,48,16,12500,12500,is_std,0.08612161129713058,completed,ft_clock_solver_sensitivity
trig_vp_ft_beta_0_3_rk3:ep499:nfe96:fid,trig_vp_ft_beta_0_3_rk3,cifar10,0,eval,499,trig_vp,ft_vp_beta,beta,0.3,rk3,96,32,12500,12500,fid,27.528583526611328,completed,ft_clock_solver_sensitivity
trig_vp_ft_beta_0_3_rk3:ep499:nfe96:precision,trig_vp_ft_beta_0_3_rk3,cifar10,0,eval,499,trig_vp,ft_vp_beta,beta,0.3,rk3,96,32,12500,12500,precision,0.46789997816085815,completed,ft_clock_solver_sensitivity
trig_vp_ft_beta_0_3_rk3:ep499:nfe96:recall,trig_vp_ft_beta_0_3_rk3,cifar10,0,eval,499,trig_vp,ft_vp_beta,beta,0.3,rk3,96,32,12500,12500,recall,0.6243999600410461,completed,ft_clock_solver_sensitivity
trig_vp_ft_beta_0_3_rk3:ep499:nfe96:is_mean,trig_vp_ft_beta_0_3_rk3,cifar10,0,eval,499,trig_vp,ft_vp_beta,beta,0.3,rk3,96,32,12500,12500,is_mean,9.354762077331543,completed,ft_clock_solver_sensitivity
trig_vp_ft_beta_0_3_rk3:ep499:nfe96:is_std,trig_vp_ft_beta_0_3_rk3,cifar10,0,eval,499,trig_vp,ft_vp_beta,beta,0.3,rk3,96,32,12500,12500,is_std,0.10864677280187607,completed,ft_clock_solver_sensitivity
trig_vp_ft_beta_0_3_stork4:ep499:nfe6:fid,trig_vp_ft_beta_0_3_stork4,cifar10,0,eval,499,trig_vp,ft_vp_beta,beta,0.3,stork4,6,6,12500,12500,fid,106.40458679199219,completed,ft_clock_solver_sensitivity
trig_vp_ft_beta_0_3_stork4:ep499:nfe6:precision,trig_vp_ft_beta_0_3_stork4,cifar10,0,eval,499,trig_vp,ft_vp_beta,beta,0.3,stork4,6,6,12500,12500,precision,0.3253999948501587,completed,ft_clock_solver_sensitivity
trig_vp_ft_beta_0_3_stork4:ep499:nfe6:recall,trig_vp_ft_beta_0_3_stork4,cifar10,0,eval,499,trig_vp,ft_vp_beta,beta,0.3,stork4,6,6,12500,12500,recall,0.21879999339580536,completed,ft_clock_solver_sensitivity
trig_vp_ft_beta_0_3_stork4:ep499:nfe6:is_mean,trig_vp_ft_beta_0_3_stork4,cifar10,0,eval,499,trig_vp,ft_vp_beta,beta,0.3,stork4,6,6,12500,12500,is_mean,5.451681613922119,completed,ft_clock_solver_sensitivity
trig_vp_ft_beta_0_3_stork4:ep499:nfe6:is_std,trig_vp_ft_beta_0_3_stork4,cifar10,0,eval,499,trig_vp,ft_vp_beta,beta,0.3,stork4,6,6,12500,12500,is_std,0.058837879449129105,completed,ft_clock_solver_sensitivity
trig_vp_ft_beta_0_3_stork4:ep499:nfe8:fid,trig_vp_ft_beta_0_3_stork4,cifar10,0,eval,499,trig_vp,ft_vp_beta,beta,0.3,stork4,8,8,12500,12500,fid,81.55486297607422,completed,ft_clock_solver_sensitivity
trig_vp_ft_beta_0_3_stork4:ep499:nfe8:precision,trig_vp_ft_beta_0_3_stork4,cifar10,0,eval,499,trig_vp,ft_vp_beta,beta,0.3,stork4,8,8,12500,12500,precision,0.31540000438690186,completed,ft_clock_solver_sensitivity
trig_vp_ft_beta_0_3_stork4:ep499:nfe8:recall,trig_vp_ft_beta_0_3_stork4,cifar10,0,eval,499,trig_vp,ft_vp_beta,beta,0.3,stork4,8,8,12500,12500,recall,0.28439998626708984,completed,ft_clock_solver_sensitivity
trig_vp_ft_beta_0_3_stork4:ep499:nfe8:is_mean,trig_vp_ft_beta_0_3_stork4,cifar10,0,eval,499,trig_vp,ft_vp_beta,beta,0.3,stork4,8,8,12500,12500,is_mean,6.841434478759766,completed,ft_clock_solver_sensitivity
trig_vp_ft_beta_0_3_stork4:ep499:nfe8:is_std,trig_vp_ft_beta_0_3_stork4,cifar10,0,eval,499,trig_vp,ft_vp_beta,beta,0.3,stork4,8,8,12500,12500,is_std,0.059773195534944534,completed,ft_clock_solver_sensitivity
trig_vp_ft_beta_0_3_stork4:ep499:nfe10:fid,trig_vp_ft_beta_0_3_stork4,cifar10,0,eval,499,trig_vp,ft_vp_beta,beta,0.3,stork4,10,10,12500,12500,fid,67.01002502441406,completed,ft_clock_solver_sensitivity
trig_vp_ft_beta_0_3_stork4:ep499:nfe10:precision,trig_vp_ft_beta_0_3_stork4,cifar10,0,eval,499,trig_vp,ft_vp_beta,beta,0.3,stork4,10,10,12500,12500,precision,0.3262999951839447,completed,ft_clock_solver_sensitivity
trig_vp_ft_beta_0_3_stork4:ep499:nfe10:recall,trig_vp_ft_beta_0_3_stork4,cifar10,0,eval,499,trig_vp,ft_vp_beta,beta,0.3,stork4,10,10,12500,12500,recall,0.33869999647140503,completed,ft_clock_solver_sensitivity
trig_vp_ft_beta_0_3_stork4:ep499:nfe10:is_mean,trig_vp_ft_beta_0_3_stork4,cifar10,0,eval,499,trig_vp,ft_vp_beta,beta,0.3,stork4,10,10,12500,12500,is_mean,7.694779872894287,completed,ft_clock_solver_sensitivity
trig_vp_ft_beta_0_3_stork4:ep499:nfe10:is_std,trig_vp_ft_beta_0_3_stork4,cifar10,0,eval,499,trig_vp,ft_vp_beta,beta,0.3,stork4,10,10,12500,12500,is_std,0.07328400760889053,completed,ft_clock_solver_sensitivity
trig_vp_ft_beta_0_3_stork4:ep499:nfe12:fid,trig_vp_ft_beta_0_3_stork4,cifar10,0,eval,499,trig_vp,ft_vp_beta,beta,0.3,stork4,12,12,12500,12500,fid,57.0706787109375,completed,ft_clock_solver_sensitivity
trig_vp_ft_beta_0_3_stork4:ep499:nfe12:precision,trig_vp_ft_beta_0_3_stork4,cifar10,0,eval,499,trig_vp,ft_vp_beta,beta,0.3,stork4,12,12,12500,12500,precision,0.34759998321533203,completed,ft_clock_solver_sensitivity
trig_vp_ft_beta_0_3_stork4:ep499:nfe12:recall,trig_vp_ft_beta_0_3_stork4,cifar10,0,eval,499,trig_vp,ft_vp_beta,beta,0.3,stork4,12,12,12500,12500,recall,0.37790000438690186,completed,ft_clock_solver_sensitivity
trig_vp_ft_beta_0_3_stork4:ep499:nfe12:is_mean,trig_vp_ft_beta_0_3_stork4,cifar10,0,eval,499,trig_vp,ft_vp_beta,beta,0.3,stork4,12,12,12500,12500,is_mean,8.251323699951172,completed,ft_clock_solver_sensitivity
trig_vp_ft_beta_0_3_stork4:ep499:nfe12:is_std,trig_vp_ft_beta_0_3_stork4,cifar10,0,eval,499,trig_vp,ft_vp_beta,beta,0.3,stork4,12,12,12500,12500,is_std,0.1277592033147812,completed,ft_clock_solver_sensitivity
trig_vp_ft_beta_0_3_stork4:ep499:nfe18:fid,trig_vp_ft_beta_0_3_stork4,cifar10,0,eval,499,trig_vp,ft_vp_beta,beta,0.3,stork4,18,18,12500,12500,fid,39.21332550048828,completed,ft_clock_solver_sensitivity
trig_vp_ft_beta_0_3_stork4:ep499:nfe18:precision,trig_vp_ft_beta_0_3_stork4,cifar10,0,eval,499,trig_vp,ft_vp_beta,beta,0.3,stork4,18,18,12500,12500,precision,0.41769999265670776,completed,ft_clock_solver_sensitivity
trig_vp_ft_beta_0_3_stork4:ep499:nfe18:recall,trig_vp_ft_beta_0_3_stork4,cifar10,0,eval,499,trig_vp,ft_vp_beta,beta,0.3,stork4,18,18,12500,12500,recall,0.48589998483657837,completed,ft_clock_solver_sensitivity
trig_vp_ft_beta_0_3_stork4:ep499:nfe18:is_mean,trig_vp_ft_beta_0_3_stork4,cifar10,0,eval,499,trig_vp,ft_vp_beta,beta,0.3,stork4,18,18,12500,12500,is_mean,9.009024620056152,completed,ft_clock_solver_sensitivity
trig_vp_ft_beta_0_3_stork4:ep499:nfe18:is_std,trig_vp_ft_beta_0_3_stork4,cifar10,0,eval,499,trig_vp,ft_vp_beta,beta,0.3,stork4,18,18,12500,12500,is_std,0.14942549169063568,completed,ft_clock_solver_sensitivity
trig_vp_ft_beta_0_3_stork4:ep499:nfe20:fid,trig_vp_ft_beta_0_3_stork4,cifar10,0,eval,499,trig_vp,ft_vp_beta,beta,0.3,stork4,20,20,12500,12500,fid,34.97333908081055,completed,ft_clock_solver_sensitivity
trig_vp_ft_beta_0_3_stork4:ep499:nfe20:precision,trig_vp_ft_beta_0_3_stork4,cifar10,0,eval,499,trig_vp,ft_vp_beta,beta,0.3,stork4,20,20,12500,12500,precision,0.438400000333786,completed,ft_clock_solver_sensitivity
trig_vp_ft_beta_0_3_stork4:ep499:nfe20:recall,trig_vp_ft_beta_0_3_stork4,cifar10,0,eval,499,trig_vp,ft_vp_beta,beta,0.3,stork4,20,20,12500,12500,recall,0.5135999917984009,completed,ft_clock_solver_sensitivity
trig_vp_ft_beta_0_3_stork4:ep499:nfe20:is_mean,trig_vp_ft_beta_0_3_stork4,cifar10,0,eval,499,trig_vp,ft_vp_beta,beta,0.3,stork4,20,20,12500,12500,is_mean,9.147868156433105,completed,ft_clock_solver_sensitivity
trig_vp_ft_beta_0_3_stork4:ep499:nfe20:is_std,trig_vp_ft_beta_0_3_stork4,cifar10,0,eval,499,trig_vp,ft_vp_beta,beta,0.3,stork4,20,20,12500,12500,is_std,0.1389399617910385,completed,ft_clock_solver_sensitivity
trig_vp_ft_beta_0_3_stork4:ep499:nfe24:fid,trig_vp_ft_beta_0_3_stork4,cifar10,0,eval,499,trig_vp,ft_vp_beta,beta,0.3,stork4,24,24,12500,12500,fid,28.458423614501953,completed,ft_clock_solver_sensitivity
trig_vp_ft_beta_0_3_stork4:ep499:nfe24:precision,trig_vp_ft_beta_0_3_stork4,cifar10,0,eval,499,trig_vp,ft_vp_beta,beta,0.3,stork4,24,24,12500,12500,precision,0.47589999437332153,completed,ft_clock_solver_sensitivity
trig_vp_ft_beta_0_3_stork4:ep499:nfe24:recall,trig_vp_ft_beta_0_3_stork4,cifar10,0,eval,499,trig_vp,ft_vp_beta,beta,0.3,stork4,24,24,12500,12500,recall,0.5593000054359436,completed,ft_clock_solver_sensitivity
trig_vp_ft_beta_0_3_stork4:ep499:nfe24:is_mean,trig_vp_ft_beta_0_3_stork4,cifar10,0,eval,499,trig_vp,ft_vp_beta,beta,0.3,stork4,24,24,12500,12500,is_mean,9.307948112487793,completed,ft_clock_solver_sensitivity
trig_vp_ft_beta_0_3_stork4:ep499:nfe24:is_std,trig_vp_ft_beta_0_3_stork4,cifar10,0,eval,499,trig_vp,ft_vp_beta,beta,0.3,stork4,24,24,12500,12500,is_std,0.11704560369253159,completed,ft_clock_solver_sensitivity
